epoch,loss,acc
1,0,0
2,0.7267,0.4200
3,0.6340,0.6900
4,0.5518,0.8200
5,0.4951,0.8200
6,0.4743,0.8200
7,0.4672,0.8200
8,0.4719,0.8200
9,0.4717,0.8200
10,0.4722,0.8200
11,0.4692,0.8200
12,0.4674,0.8200
13,0.4666,0.8200
14,0.4649,0.8200
15,0.4648,0.8200
16,0.4640,0.8200
17,0.4647,0.8200
18,0.4642,0.8200
19,0.4633,0.8200
20,0.4632,0.8200
21,0.4613,0.8200
22,0.4595,0.8200
23,0.4589,0.8200
24,0.4578,0.8200
25,0.4563,0.8200
26,0.4579,0.8200
27,0.4587,0.8200
28,0.4610,0.8200
29,0.4619,0.8200
30,0.4609,0.8200
31,0.4602,0.8200
32,0.4590,0.8200
33,0.4563,0.8200
34,0.4530,0.8200
35,0.4503,0.8200
36,0.4490,0.8200
37,0.4484,0.8200
38,0.4486,0.8200
39,0.4477,0.8200
40,0.4477,0.8200
41,0.4481,0.8200
42,0.4472,0.8200
43,0.4445,0.8200
44,0.4442,0.8200
45,0.4472,0.8200
46,0.4459,0.8200
47,0.4450,0.8200
48,0.4447,0.8200
49,0.4432,0.8200
50,0.4426,0.8200
51,0.4412,0.8200
52,0.4412,0.8200
53,0.4403,0.8200
54,0.4401,0.8200
55,0.4399,0.8200
56,0.4389,0.8200
57,0.4388,0.8200
58,0.4374,0.8200
59,0.4375,0.8200
60,0.4367,0.8200
61,0.4360,0.8200
62,0.4356,0.8200
63,0.4355,0.8200
64,0.4349,0.8200
65,0.4342,0.8200
66,0.4337,0.8200
67,0.4341,0.8200
68,0.4338,0.8200
69,0.4330,0.8200
70,0.4325,0.8200
71,0.4337,0.8200
72,0.4327,0.8200
73,0.4319,0.8200
74,0.4315,0.8200
75,0.4308,0.8200
76,0.4300,0.8200
77,0.4300,0.8200
78,0.4291,0.8200
79,0.4292,0.8200
80,0.4290,0.8200
81,0.4284,0.8200
82,0.4283,0.8200
83,0.4284,0.8200
84,0.4280,0.8200
85,0.4276,0.8200
86,0.4273,0.8200
87,0.4271,0.8200
88,0.4269,0.8200
89,0.4265,0.8200
90,0.4263,0.8200
91,0.4259,0.8200
92,0.4253,0.8200
93,0.4254,0.8200
94,0.4253,0.8200
95,0.4249,0.8200
96,0.4243,0.8200
97,0.4241,0.8200
98,0.4247,0.8200
99,0.4240,0.8200
100,0.4239,0.8200
101,0.4242,0.8200
102,0.4238,0.8200
103,0.4233,0.8200
104,0.4227,0.8200
105,0.4226,0.8200
106,0.4217,0.8200
107,0.4221,0.8200
108,0.4228,0.8200
109,0.4230,0.8200
110,0.4224,0.8200
111,0.4210,0.8200
112,0.4205,0.8200
113,0.4209,0.8200
114,0.4212,0.8200
115,0.4210,0.8200
116,0.4217,0.8200
117,0.4241,0.8200
118,0.4233,0.8200
119,0.4229,0.8200
120,0.4222,0.8200
121,0.4212,0.8200
122,0.4194,0.8200
123,0.4189,0.8200
124,0.4191,0.8200
125,0.4195,0.8200
126,0.4196,0.8200
127,0.4200,0.8200
128,0.4200,0.8200
129,0.4200,0.8200
130,0.4189,0.8200
131,0.4177,0.8200
132,0.4168,0.8200
133,0.4175,0.8200
134,0.4176,0.8200
135,0.4187,0.8200
136,0.4188,0.8200
137,0.4171,0.8200
138,0.4170,0.8200
139,0.4166,0.8200
140,0.4164,0.8200
141,0.4169,0.8200
142,0.4165,0.8200
143,0.4163,0.8200
144,0.4159,0.8200
145,0.4155,0.8200
146,0.4154,0.8200
147,0.4152,0.8200
148,0.4160,0.8200
149,0.4158,0.8200
150,0.4160,0.8200
151,0.4154,0.8200
152,0.4151,0.8200
153,0.4148,0.8200
154,0.4146,0.8200
155,0.4147,0.8200
156,0.4144,0.8200
157,0.4140,0.8200
158,0.4141,0.8200
159,0.4138,0.8200
160,0.4139,0.8200
161,0.4144,0.8200
162,0.4141,0.8200
163,0.4142,0.8200
164,0.4145,0.8200
165,0.4143,0.8200
166,0.4147,0.8200
167,0.4144,0.8200
168,0.4134,0.8200
169,0.4128,0.8200
170,0.4127,0.8200
171,0.4129,0.8200
172,0.4129,0.8200
173,0.4125,0.8200
174,0.4123,0.8200
175,0.4122,0.8200
176,0.4126,0.8200
177,0.4125,0.8200
178,0.4127,0.8200
179,0.4131,0.8200
180,0.4131,0.8200
181,0.4130,0.8200
182,0.4129,0.8200
183,0.4124,0.8200
184,0.4121,0.8200
185,0.4113,0.8200
186,0.4112,0.8200
187,0.4112,0.8200
188,0.4110,0.8200
189,0.4108,0.8200
190,0.4107,0.8200
191,0.4116,0.8200
192,0.4109,0.8200
193,0.4107,0.8200
194,0.4106,0.8200
195,0.4105,0.8200
196,0.4103,0.8200
197,0.4101,0.8200
198,0.4123,0.8200
199,0.4110,0.8200
200,0.4114,0.8200
201,0.4114,0.8200
202,0.4128,0.8200
203,0.4119,0.8200
204,0.4112,0.8200
205,0.4111,0.8200
206,0.4102,0.8200
207,0.4100,0.8200
208,0.4099,0.8200
209,0.4102,0.8200
210,0.4111,0.8200
211,0.4112,0.8200
212,0.4097,0.8200
213,0.4106,0.8200
214,0.4089,0.8200
215,0.4090,0.8200
216,0.4091,0.8200
217,0.4088,0.8200
218,0.4091,0.8200
219,0.4101,0.8200
220,0.4086,0.8200
221,0.4088,0.8200
222,0.4088,0.8200
223,0.4080,0.8200
224,0.4082,0.8200
225,0.4101,0.8200
226,0.4092,0.8200
227,0.4091,0.8200
228,0.4095,0.8200
229,0.4093,0.8200
230,0.4094,0.8200
231,0.4080,0.8200
232,0.4079,0.8200
233,0.4080,0.8200
234,0.4081,0.8200
235,0.4077,0.8200
236,0.4082,0.8200
237,0.4078,0.8200
238,0.4078,0.8200
239,0.4094,0.8200
240,0.4087,0.8200
241,0.4089,0.8200
242,0.4075,0.8200
243,0.4077,0.8200
244,0.4077,0.8200
245,0.4074,0.8200
246,0.4074,0.8200
247,0.4070,0.8200
248,0.4075,0.8200
249,0.4076,0.8200
250,0.4090,0.8200
251,0.4097,0.8200
252,0.4092,0.8200
253,0.4069,0.8200
254,0.4081,0.8200
255,0.4065,0.8200
256,0.4062,0.8200
257,0.4065,0.8200
258,0.4063,0.8200
259,0.4063,0.8200
260,0.4073,0.8200
261,0.4075,0.8200
262,0.4062,0.8200
263,0.4064,0.8200
264,0.4067,0.8200
265,0.4063,0.8200
266,0.4064,0.8200
267,0.4062,0.8200
268,0.4075,0.8200
269,0.4088,0.8200
270,0.4094,0.8200
271,0.4086,0.8200
272,0.4077,0.8200
273,0.4066,0.8200
274,0.4051,0.8200
275,0.4055,0.8200
276,0.4056,0.8200
277,0.4055,0.8200
278,0.4055,0.8200
279,0.4055,0.8200
280,0.4050,0.8200
281,0.4049,0.8200
282,0.4046,0.8200
283,0.4045,0.8200
284,0.4054,0.8200
285,0.4047,0.8200
286,0.4045,0.8200
287,0.4045,0.8200
288,0.4050,0.8200
289,0.4046,0.8200
290,0.4046,0.8200
291,0.4045,0.8200
292,0.4043,0.8200
293,0.4043,0.8200
294,0.4048,0.8200
295,0.4045,0.8200
296,0.4040,0.8200
297,0.4047,0.8200
298,0.4044,0.8200
299,0.4043,0.8200
300,0.4037,0.8200
301,0.4044,0.8200
302,0.4042,0.8200
303,0.4041,0.8200
304,0.4048,0.8200
305,0.4045,0.8200
306,0.4045,0.8200
307,0.4041,0.8200
308,0.4051,0.8200
309,0.4048,0.8200
310,0.4047,0.8200
311,0.4071,0.8200
312,0.4063,0.8200
313,0.4051,0.8200
314,0.4042,0.8200
315,0.4041,0.8200
316,0.4045,0.8200
317,0.4054,0.8200
318,0.4057,0.8200
319,0.4053,0.8200
320,0.4047,0.8200
321,0.4046,0.8200
322,0.4048,0.8200
323,0.4038,0.8200
324,0.4039,0.8200
325,0.4029,0.8200
326,0.4032,0.8200
327,0.4031,0.8200
328,0.4032,0.8200
329,0.4035,0.8200
330,0.4036,0.8200
331,0.4038,0.8200
332,0.4047,0.8200
333,0.4039,0.8200
334,0.4031,0.8200
335,0.4034,0.8200
336,0.4025,0.8200
337,0.4023,0.8200
338,0.4026,0.8200
339,0.4038,0.8200
340,0.4033,0.8200
341,0.4027,0.8200
342,0.4024,0.8200
343,0.4022,0.8200
344,0.4022,0.8200
345,0.4019,0.8200
346,0.4022,0.8200
347,0.4026,0.8200
348,0.4028,0.8200
349,0.4028,0.8200
350,0.4027,0.8200
351,0.4027,0.8200
352,0.4027,0.8200
353,0.4027,0.8200
354,0.4022,0.8200
355,0.4016,0.8200
356,0.4018,0.8200
357,0.4019,0.8200
358,0.4019,0.8200
359,0.4038,0.8200
360,0.4057,0.8200
361,0.4055,0.8200
362,0.4045,0.8200
363,0.4036,0.8200
364,0.4023,0.8200
365,0.4014,0.8200
366,0.4019,0.8200
367,0.4027,0.8200
368,0.4043,0.8200
369,0.4044,0.8200
370,0.4047,0.8200
371,0.4045,0.8200
372,0.4037,0.8200
373,0.4023,0.8200
374,0.4019,0.8200
375,0.4012,0.8200
376,0.4016,0.8200
377,0.4013,0.8200
378,0.4013,0.8200
379,0.4013,0.8200
380,0.4010,0.8200
381,0.4015,0.8200
382,0.4008,0.8200
383,0.4009,0.8200
384,0.4022,0.8200
385,0.4008,0.8200
386,0.4010,0.8200
387,0.4008,0.8200
388,0.4010,0.8200
389,0.4014,0.8200
390,0.4016,0.8200
391,0.4012,0.8200
392,0.4010,0.8200
393,0.4019,0.8200
394,0.4008,0.8200
395,0.4011,0.8200
396,0.4009,0.8200
397,0.4005,0.8200
398,0.4006,0.8200
399,0.4007,0.8200
400,0.4009,0.8200
401,0.4015,0.8200
402,0.4010,0.8200
403,0.4005,0.8200
404,0.4002,0.8200
405,0.4002,0.8200
406,0.4002,0.8200
407,0.4002,0.8200
408,0.4003,0.8200
409,0.3999,0.8200
410,0.4004,0.8200
411,0.4004,0.8200
412,0.4004,0.8200
413,0.4002,0.8200
414,0.4001,0.8200
415,0.4015,0.8200
416,0.4017,0.8200
417,0.4035,0.8200
418,0.4027,0.8200
419,0.4022,0.8200
420,0.4013,0.8200
421,0.4005,0.8200
422,0.4001,0.8200
423,0.4002,0.8200
424,0.4006,0.8200
425,0.4006,0.8200
426,0.4007,0.8200
427,0.4014,0.8200
428,0.4018,0.8200
429,0.4029,0.8200
430,0.4018,0.8200
431,0.3999,0.8200
432,0.4000,0.8200
433,0.4012,0.8200
434,0.4006,0.8200
435,0.4006,0.8200
436,0.4017,0.8200
437,0.4013,0.8200
438,0.4011,0.8200
439,0.4013,0.8200
440,0.4011,0.8200
441,0.4007,0.8200
442,0.4002,0.8200
443,0.3990,0.8200
444,0.3987,0.8200
445,0.3995,0.8200
446,0.4005,0.8200
447,0.4007,0.8200
448,0.3999,0.8200
449,0.3998,0.8200
450,0.3993,0.8200
451,0.3990,0.8200
452,0.3992,0.8200
453,0.3987,0.8200
454,0.3989,0.8200
455,0.3989,0.8200
456,0.3992,0.8200
457,0.3989,0.8200
458,0.3985,0.8200
459,0.3983,0.8200
460,0.3985,0.8200
461,0.3985,0.8200
462,0.3983,0.8200
463,0.3984,0.8200
464,0.3992,0.8200
465,0.3992,0.8200
466,0.3992,0.8200
467,0.3987,0.8200
468,0.3988,0.8200
469,0.3993,0.8200
470,0.3992,0.8200
471,0.3994,0.8200
472,0.3988,0.8200
473,0.3984,0.8200
474,0.3978,0.8200
475,0.3971,0.8200
476,0.3978,0.8200
477,0.3988,0.8200
478,0.3985,0.8200
479,0.3987,0.8200
480,0.3983,0.8200
481,0.3975,0.8200
482,0.3971,0.8200
483,0.3972,0.8200
484,0.3970,0.8200
485,0.3986,0.8200
486,0.3975,0.8200
487,0.3976,0.8200
488,0.3977,0.8200
489,0.3985,0.8200
490,0.3987,0.8200
491,0.3987,0.8200
492,0.3984,0.8200
493,0.3976,0.8200
494,0.3974,0.8200
495,0.3972,0.8200
496,0.3968,0.8200
497,0.3968,0.8200
498,0.3962,0.8200
499,0.3961,0.8200
500,0.3958,0.8200
501,0.3970,0.8200
502,0.3962,0.8200
503,0.3963,0.8200
504,0.3958,0.8200
505,0.3957,0.8200
506,0.3957,0.8200
507,0.3953,0.8200
508,0.3952,0.8200
509,0.3952,0.8200
510,0.3954,0.8200
511,0.3947,0.8200
512,0.3944,0.8200
513,0.3955,0.8200
514,0.3950,0.8200
515,0.3947,0.8200
516,0.3946,0.8200
517,0.3948,0.8200
518,0.3947,0.8200
519,0.3956,0.8200
520,0.3949,0.8200
521,0.3949,0.8200
522,0.3943,0.8200
523,0.3936,0.8200
524,0.3936,0.8200
525,0.3935,0.8200
526,0.3945,0.8200
527,0.3934,0.8200
528,0.3938,0.8200
529,0.3932,0.8200
530,0.3938,0.8200
531,0.3950,0.8200
532,0.3935,0.8200
533,0.3928,0.8200
534,0.3941,0.8200
535,0.3930,0.8200
536,0.3927,0.8200
537,0.3926,0.8200
538,0.3924,0.8200
539,0.3932,0.8200
540,0.3926,0.8200
541,0.3929,0.8200
542,0.3929,0.8200
543,0.3930,0.8200
544,0.3928,0.8200
545,0.3924,0.8200
546,0.3921,0.8200
547,0.3917,0.8200
548,0.3917,0.8200
549,0.3916,0.8200
550,0.3914,0.8200
551,0.3916,0.8200
552,0.3918,0.8200
553,0.3924,0.8200
554,0.3931,0.8200
555,0.3928,0.8200
556,0.3927,0.8200
557,0.3927,0.8200
558,0.3929,0.8200
559,0.3911,0.8200
560,0.3901,0.8200
561,0.3905,0.8200
562,0.3908,0.8200
563,0.3910,0.8200
564,0.3912,0.8200
565,0.3909,0.8200
566,0.3908,0.8200
567,0.3902,0.8200
568,0.3901,0.8200
569,0.3903,0.8200
570,0.3901,0.8200
571,0.3899,0.8200
572,0.3898,0.8200
573,0.3898,0.8200
574,0.3899,0.8200
575,0.3904,0.8200
576,0.3896,0.8200
577,0.3895,0.8200
578,0.3894,0.8200
579,0.3890,0.8200
580,0.3894,0.8200
581,0.3906,0.8200
582,0.3898,0.8200
583,0.3891,0.8200
584,0.3885,0.8200
585,0.3892,0.8200
586,0.3886,0.8200
587,0.3886,0.8200
588,0.3889,0.8200
589,0.3892,0.8200
590,0.3889,0.8200
591,0.3891,0.8200
592,0.3890,0.8200
593,0.3881,0.8200
594,0.3885,0.8200
595,0.3879,0.8200
596,0.3878,0.8200
597,0.3878,0.8200
598,0.3881,0.8200
599,0.3880,0.8200
600,0.3878,0.8200
601,0.3882,0.8200
602,0.3883,0.8200
603,0.3882,0.8200
604,0.3870,0.8200
605,0.3868,0.8200
606,0.3869,0.8200
607,0.3879,0.8200
608,0.3881,0.8200
609,0.3887,0.8200
610,0.3885,0.8200
611,0.3880,0.8200
612,0.3866,0.8200
613,0.3865,0.8200
614,0.3862,0.8200
615,0.3871,0.8200
616,0.3862,0.8200
617,0.3867,0.8200
618,0.3868,0.8200
619,0.3866,0.8200
620,0.3861,0.8200
621,0.3855,0.8200
622,0.3856,0.8200
623,0.3859,0.8200
624,0.3873,0.8200
625,0.3874,0.8200
626,0.3878,0.8200
627,0.3885,0.8200
628,0.3891,0.8200
629,0.3893,0.8200
630,0.3879,0.8200
631,0.3872,0.8200
632,0.3852,0.8200
633,0.3881,0.8200
634,0.3850,0.8200
635,0.3853,0.8200
636,0.3851,0.8200
637,0.3855,0.8200
638,0.3867,0.8200
639,0.3862,0.8200
640,0.3851,0.8200
641,0.3851,0.8200
642,0.3841,0.8200
643,0.3843,0.8200
644,0.3838,0.8200
645,0.3840,0.8200
646,0.3851,0.8200
647,0.3851,0.8200
648,0.3859,0.8200
649,0.3858,0.8200
650,0.3845,0.8200
651,0.3829,0.8200
652,0.3834,0.8200
653,0.3831,0.8200
654,0.3831,0.8200
655,0.3830,0.8200
656,0.3833,0.8200
657,0.3836,0.8200
658,0.3837,0.8200
659,0.3855,0.8200
660,0.3851,0.8200
661,0.3844,0.8200
662,0.3833,0.8200
663,0.3826,0.8200
664,0.3821,0.8200
665,0.3825,0.8200
666,0.3821,0.8200
667,0.3828,0.8200
668,0.3822,0.8200
669,0.3837,0.8200
670,0.3832,0.8200
671,0.3837,0.8200
672,0.3834,0.8200
673,0.3826,0.8200
674,0.3817,0.8200
675,0.3824,0.8200
676,0.3812,0.8200
677,0.3811,0.8200
678,0.3810,0.8200
679,0.3813,0.8200
680,0.3809,0.8200
681,0.3814,0.8200
682,0.3813,0.8200
683,0.3818,0.8200
684,0.3811,0.8200
685,0.3812,0.8200
686,0.3809,0.8200
687,0.3807,0.8200
688,0.3803,0.8200
689,0.3804,0.8200
690,0.3797,0.8200
691,0.3801,0.8200
692,0.3801,0.8200
693,0.3800,0.8200
694,0.3791,0.8200
695,0.3813,0.8200
696,0.3802,0.8200
697,0.3805,0.8200
698,0.3804,0.8200
699,0.3794,0.8200
700,0.3787,0.8200
701,0.3790,0.8200
702,0.3793,0.8200
703,0.3789,0.8200
704,0.3787,0.8200
705,0.3787,0.8200
706,0.3785,0.8200
707,0.3783,0.8200
708,0.3780,0.8200
709,0.3785,0.8200
710,0.3789,0.8200
711,0.3786,0.8200
712,0.3787,0.8200
713,0.3783,0.8200
714,0.3781,0.8200
715,0.3772,0.8200
716,0.3774,0.8200
717,0.3780,0.8200
718,0.3772,0.8200
719,0.3769,0.8200
720,0.3770,0.8200
721,0.3767,0.8200
722,0.3766,0.8200
723,0.3770,0.8200
724,0.3769,0.8200
725,0.3771,0.8200
726,0.3770,0.8200
727,0.3763,0.8200
728,0.3761,0.8200
729,0.3765,0.8200
730,0.3761,0.8200
731,0.3769,0.8200
732,0.3760,0.8200
733,0.3765,0.8200
734,0.3767,0.8200
735,0.3752,0.8200
736,0.3747,0.8200
737,0.3754,0.8200
738,0.3755,0.8200
739,0.3755,0.8200
740,0.3753,0.8200
741,0.3757,0.8200
742,0.3759,0.8200
743,0.3752,0.8200
744,0.3744,0.8200
745,0.3765,0.8200
746,0.3770,0.8200
747,0.3805,0.8200
748,0.3811,0.8200
749,0.3803,0.8200
750,0.3859,0.8200
751,0.3859,0.8200
752,0.3790,0.8200
753,0.3747,0.8200
754,0.3727,0.8200
755,0.3739,0.8200
756,0.3754,0.8200
757,0.3748,0.8200
758,0.3742,0.8200
759,0.3728,0.8200
760,0.3731,0.8200
761,0.3730,0.8200
762,0.3730,0.8200
763,0.3725,0.8200
764,0.3729,0.8200
765,0.3714,0.8200
766,0.3715,0.8200
767,0.3728,0.8200
768,0.3726,0.8200
769,0.3726,0.8200
770,0.3720,0.8200
771,0.3712,0.8200
772,0.3712,0.8200
773,0.3719,0.8200
774,0.3730,0.8200
775,0.3720,0.8200
776,0.3705,0.8200
777,0.3711,0.8200
778,0.3705,0.8200
779,0.3698,0.8200
780,0.3708,0.8200
781,0.3702,0.8200
782,0.3693,0.8200
783,0.3702,0.8200
784,0.3691,0.8200
785,0.3691,0.8200
786,0.3705,0.8200
787,0.3723,0.8200
788,0.3718,0.8200
789,0.3700,0.8200
790,0.3689,0.8200
791,0.3688,0.8200
792,0.3689,0.8200
793,0.3680,0.8200
794,0.3691,0.8200
795,0.3683,0.8200
796,0.3682,0.8200
797,0.3693,0.8200
798,0.3674,0.8200
799,0.3670,0.8200
800,0.3670,0.8200
801,0.3670,0.8200
802,0.3668,0.8200
803,0.3699,0.8200
804,0.3689,0.8200
805,0.3694,0.8200
806,0.3695,0.8200
807,0.3707,0.8200
808,0.3716,0.8200
809,0.3710,0.8200
810,0.3699,0.8200
811,0.3688,0.8200
812,0.3680,0.8200
813,0.3685,0.8200
814,0.3664,0.8200
815,0.3652,0.8200
816,0.3666,0.8200
817,0.3667,0.8200
818,0.3657,0.8200
819,0.3650,0.8200
820,0.3655,0.8200
821,0.3648,0.8200
822,0.3655,0.8200
823,0.3660,0.8200
824,0.3677,0.8200
825,0.3667,0.8200
826,0.3656,0.8200
827,0.3644,0.8200
828,0.3662,0.8200
829,0.3645,0.8200
830,0.3642,0.8200
831,0.3644,0.8200
832,0.3632,0.8200
833,0.3631,0.8200
834,0.3632,0.8200
835,0.3638,0.8200
836,0.3629,0.8200
837,0.3628,0.8200
838,0.3626,0.8200
839,0.3627,0.8200
840,0.3631,0.8200
841,0.3623,0.8200
842,0.3628,0.8200
843,0.3615,0.8200
844,0.3622,0.8200
845,0.3638,0.8200
846,0.3648,0.8200
847,0.3637,0.8200
848,0.3630,0.8200
849,0.3630,0.8200
850,0.3644,0.8200
851,0.3655,0.8200
852,0.3656,0.8200
853,0.3648,0.8200
854,0.3637,0.8200
855,0.3638,0.8200
856,0.3606,0.8200
857,0.3582,0.8200
858,0.3686,0.8200
859,0.3703,0.8200
860,0.3689,0.8200
861,0.3647,0.8200
862,0.3625,0.8200
863,0.3615,0.8200
864,0.3606,0.8200
865,0.3579,0.8200
866,0.3582,0.8200
867,0.3574,0.8200
868,0.3578,0.8200
869,0.3564,0.8200
870,0.3594,0.8200
871,0.3579,0.8200
872,0.3571,0.8200
873,0.3564,0.8200
874,0.3577,0.8200
875,0.3610,0.8200
876,0.3616,0.8200
877,0.3614,0.8200
878,0.3562,0.8200
879,0.3562,0.8200
880,0.3601,0.8200
881,0.3575,0.8200
882,0.3569,0.8200
883,0.3547,0.8200
884,0.3552,0.8200
885,0.3584,0.8200
886,0.3602,0.8200
887,0.3601,0.8200
888,0.3571,0.8200
889,0.3550,0.8200
890,0.3545,0.8200
891,0.3541,0.8200
892,0.3532,0.8200
893,0.3535,0.8200
894,0.3546,0.8200
895,0.3527,0.8200
896,0.3524,0.8200
897,0.3524,0.8200
898,0.3520,0.8200
899,0.3520,0.8200
900,0.3519,0.8200
901,0.3519,0.8200
902,0.3533,0.8200
903,0.3523,0.8200
904,0.3527,0.8200
905,0.3521,0.8200
906,0.3513,0.8200
907,0.3528,0.8200
908,0.3508,0.8200
909,0.3509,0.8200
910,0.3501,0.8200
911,0.3519,0.8200
912,0.3537,0.8200
913,0.3514,0.8200
914,0.3500,0.8200
915,0.3505,0.8200
916,0.3499,0.8200
917,0.3510,0.8200
918,0.3509,0.8200
919,0.3491,0.8200
920,0.3484,0.8200
921,0.3495,0.8200
922,0.3484,0.8200
923,0.3503,0.8200
924,0.3515,0.8200
925,0.3508,0.8200
926,0.3488,0.8200
927,0.3478,0.8200
928,0.3489,0.8200
929,0.3470,0.8200
930,0.3470,0.8200
931,0.3468,0.8200
932,0.3471,0.8200
933,0.3521,0.8200
934,0.3546,0.8200
935,0.3542,0.8200
936,0.3527,0.8200
937,0.3452,0.8200
938,0.3450,0.8200
939,0.3464,0.8200
940,0.3474,0.8200
941,0.3458,0.8200
942,0.3428,0.8200
943,0.3466,0.8200
944,0.3453,0.8200
945,0.3449,0.8200
946,0.3474,0.8200
947,0.3471,0.8200
948,0.3443,0.8200
949,0.3435,0.8200
950,0.3433,0.8200
951,0.3434,0.8200
952,0.3437,0.8200
953,0.3436,0.8200
954,0.3428,0.8200
955,0.3418,0.8200
956,0.3415,0.8200
957,0.3417,0.8200
958,0.3422,0.8200
959,0.3406,0.8200
960,0.3418,0.8200
961,0.3416,0.8200
962,0.3408,0.8200
963,0.3402,0.8200
964,0.3423,0.8200
965,0.3400,0.8200
966,0.3477,0.8000
967,0.3419,0.8200
968,0.3388,0.8200
969,0.3388,0.8200
970,0.3388,0.8200
971,0.3374,0.8200
972,0.3372,0.8200
973,0.3371,0.8200
974,0.3419,0.8200
975,0.3401,0.8200
976,0.3366,0.8200
977,0.3400,0.8200
978,0.3375,0.8200
979,0.3373,0.8200
980,0.3356,0.8200
981,0.3355,0.8200
982,0.3385,0.8200
983,0.3360,0.8200
984,0.3345,0.8200
985,0.3338,0.8200
986,0.3347,0.8200
987,0.3353,0.8200
988,0.3333,0.8200
989,0.3334,0.8200
990,0.3346,0.8200
991,0.3328,0.8200
992,0.3327,0.8200
993,0.3317,0.8200
994,0.3311,0.8200
995,0.3320,0.8200
996,0.3316,0.8200
997,0.3313,0.8200
998,0.3326,0.8200
999,0.3339,0.8200
1000,0.3385,0.8200
1001,0.3384,0.8200
1002,0.3337,0.8200
1003,0.3304,0.8200
1004,0.3285,0.8200
1005,0.3482,0.8000
1006,0.3542,0.8200
1007,0.3377,0.7900
1008,0.3316,0.8200
1009,0.3280,0.8200
1010,0.3282,0.8200
1011,0.3271,0.8200
1012,0.3294,0.8200
1013,0.3284,0.8200
1014,0.3272,0.8200
1015,0.3263,0.8200
1016,0.3274,0.8300
1017,0.3236,0.8200
1018,0.3312,0.8200
1019,0.3261,0.8200
1020,0.3229,0.8200
1021,0.3250,0.8200
1022,0.3230,0.8200
1023,0.3235,0.8200
1024,0.3268,0.8200
1025,0.3222,0.8200
1026,0.3216,0.8200
1027,0.3204,0.8200
1028,0.3201,0.8200
1029,0.3199,0.8200
1030,0.3198,0.8200
1031,0.3202,0.8200
1032,0.3198,0.8200
1033,0.3228,0.8200
1034,0.3215,0.8200
1035,0.3181,0.8200
1036,0.3167,0.8200
1037,0.3187,0.8200
1038,0.3166,0.8200
1039,0.3171,0.8200
1040,0.3183,0.8200
1041,0.3159,0.8200
1042,0.3154,0.8200
1043,0.3236,0.8100
1044,0.3187,0.8300
1045,0.3149,0.8300
1046,0.3124,0.8200
1047,0.3147,0.8200
1048,0.3230,0.8200
1049,0.3153,0.8200
1050,0.3128,0.8100
1051,0.3122,0.8300
1052,0.3100,0.8200
1053,0.3108,0.8400
1054,0.3123,0.8200
1055,0.3116,0.8200
1056,0.3080,0.8200
1057,0.3066,0.8200
1058,0.3091,0.8200
1059,0.3058,0.8200
1060,0.3066,0.8400
1061,0.3084,0.8400
1062,0.3047,0.8200
1063,0.3033,0.8200
1064,0.3037,0.8200
1065,0.3071,0.8200
1066,0.3059,0.8200
1067,0.3029,0.8500
1068,0.3025,0.8300
1069,0.2990,0.8400
1070,0.2994,0.8200
1071,0.3032,0.8200
1072,0.3018,0.8200
1073,0.2989,0.8200
1074,0.2984,0.8200
1075,0.2970,0.8200
1076,0.2957,0.8300
1077,0.2956,0.8200
1078,0.2982,0.8200
1079,0.2956,0.8400
1080,0.3071,0.8300
1081,0.3096,0.8500
1082,0.2981,0.8200
1083,0.2905,0.8300
1084,0.2933,0.8300
1085,0.2905,0.8300
1086,0.2888,0.8400
1087,0.2888,0.8400
1088,0.3024,0.8600
1089,0.2903,0.8500
1090,0.2835,0.8400
1091,0.3053,0.8200
1092,0.3060,0.8200
1093,0.2862,0.8300
1094,0.2949,0.8600
1095,0.2931,0.8600
1096,0.2864,0.8500
1097,0.2866,0.8700
1098,0.2826,0.8600
1099,0.2800,0.8400
1100,0.2822,0.8300
1101,0.2788,0.8400
1102,0.2793,0.8600
1103,0.2796,0.8400
1104,0.2779,0.8600
1105,0.2771,0.8300
1106,0.2853,0.8300
1107,0.2856,0.8300
1108,0.2812,0.8300
1109,0.2775,0.8400
1110,0.2751,0.8500
1111,0.2744,0.8600
1112,0.2746,0.8400
1113,0.2814,0.8300
1114,0.2749,0.8300
1115,0.2723,0.8500
1116,0.2800,0.9100
1117,0.2715,0.8600
1118,0.2700,0.8600
1119,0.2683,0.8400
1120,0.2671,0.8400
1121,0.2674,0.8500
1122,0.2673,0.8400
1123,0.2673,0.8700
1124,0.2652,0.8700
1125,0.2654,0.8400
1126,0.2639,0.8600
1127,0.2637,0.8700
1128,0.2779,0.9100
1129,0.2619,0.8600
1130,0.2743,0.8300
1131,0.2813,0.8300
1132,0.2747,0.8300
1133,0.2634,0.8400
1134,0.2604,0.8900
1135,0.2667,0.9000
1136,0.2619,0.9000
1137,0.2601,0.8800
1138,0.2579,0.8600
1139,0.2618,0.8400
1140,0.2673,0.8300
1141,0.2606,0.8400
1142,0.2552,0.8900
1143,0.2689,0.9400
1144,0.2682,0.9200
1145,0.2559,0.8800
1146,0.2549,0.8700
1147,0.2580,0.9200
1148,0.2680,0.9300
1149,0.2586,0.9000
1150,0.2553,0.9000
1151,0.2577,0.9200
1152,0.2526,0.9000
1153,0.2508,0.8800
1154,0.2509,0.8700
1155,0.2544,0.9200
1156,0.2506,0.8900
1157,0.2562,0.8600
1158,0.2532,0.8500
1159,0.2517,0.8700
1160,0.2494,0.9100
1161,0.2528,0.9300
1162,0.2503,0.9200
1163,0.2469,0.9000
1164,0.2454,0.9100
1165,0.2454,0.9000
1166,0.2594,0.9200
1167,0.2507,0.8800
1168,0.2433,0.9100
1169,0.2436,0.9000
1170,0.2433,0.9200
1171,0.2425,0.9100
1172,0.2435,0.8900
1173,0.2435,0.8600
1174,0.2483,0.8700
1175,0.2431,0.8700
1176,0.2431,0.8800
1177,0.2391,0.8900
1178,0.2387,0.8800
1179,0.2394,0.8800
1180,0.2390,0.8800
1181,0.2369,0.8900
1182,0.2402,0.9100
1183,0.2363,0.9100
1184,0.2370,0.8900
1185,0.2394,0.8700
1186,0.2385,0.8700
1187,0.2348,0.8900
1188,0.2395,0.9300
1189,0.2336,0.9000
1190,0.2333,0.8900
1191,0.2335,0.8700
1192,0.2342,0.8700
1193,0.2342,0.8800
1194,0.2320,0.8800
1195,0.2321,0.9000
1196,0.2316,0.9100
1197,0.2336,0.9400
1198,0.2344,0.9200
1199,0.2318,0.9300
1200,0.2310,0.9100
1201,0.2286,0.9100
1202,0.2337,0.8700
1203,0.2296,0.8700
1204,0.2297,0.9400
1205,0.2408,0.9600
1206,0.2273,0.9200
1207,0.2340,0.8700
1208,0.2295,0.8700
1209,0.2260,0.9000
1210,0.2290,0.9200
1211,0.2271,0.9100
1212,0.2259,0.9000
1213,0.2242,0.9100
1214,0.2239,0.9100
1215,0.2246,0.9300
1216,0.2240,0.9200
1217,0.2270,0.9300
1218,0.2393,0.9600
1219,0.2186,0.9100
1220,0.2456,0.8400
1221,0.2448,0.8500
1222,0.2343,0.8700
1223,0.2258,0.8800
1224,0.2214,0.8800
1225,0.2215,0.8800
1226,0.2226,0.8800
1227,0.2209,0.8900
1228,0.2190,0.9200
1229,0.2199,0.9200
1230,0.2219,0.9300
1231,0.2191,0.9000
1232,0.2274,0.8700
1233,0.2193,0.9100
1234,0.2237,0.9500
1235,0.2199,0.9600
1236,0.2150,0.9200
1237,0.2184,0.9100
1238,0.2241,0.8700
1239,0.2221,0.8600
1240,0.2131,0.9100
1241,0.2168,0.9400
1242,0.2150,0.9300
1243,0.2130,0.9200
1244,0.2200,0.8900
1245,0.2132,0.8900
1246,0.2120,0.8900
1247,0.2124,0.9300
1248,0.2127,0.9100
1249,0.2134,0.8900
1250,0.2122,0.9200
1251,0.2111,0.9400
1252,0.2111,0.9000
1253,0.2164,0.8800
1254,0.2137,0.9100
1255,0.2156,0.9600
1256,0.2127,0.9500
1257,0.2090,0.9600
1258,0.2105,0.9400
1259,0.2124,0.9200
1260,0.2122,0.9000
1261,0.2113,0.8900
1262,0.2072,0.9500
1263,0.2130,0.9600
1264,0.2113,0.9600
1265,0.2101,0.9200
1266,0.2068,0.9200
1267,0.2274,0.9500
1268,0.2098,0.9200
1269,0.2251,0.8700
1270,0.2249,0.8700
1271,0.2074,0.9100
1272,0.2206,0.9700
1273,0.2103,0.9700
1274,0.2045,0.9100
1275,0.2183,0.8700
1276,0.1998,0.9400
1277,0.2083,0.9700
1278,0.2066,0.9600
1279,0.2002,0.9200
1280,0.2183,0.8800
1281,0.2098,0.8800
1282,0.1999,0.9300
1283,0.1991,0.9300
1284,0.2004,0.9000
1285,0.2005,0.8900
1286,0.2021,0.8800
1287,0.2024,0.8800
1288,0.2017,0.8800
1289,0.1986,0.9000
1290,0.1980,0.9500
1291,0.2011,0.9600
1292,0.2021,0.9700
1293,0.1971,0.9700
1294,0.1963,0.9400
1295,0.1958,0.9600
1296,0.2001,0.9600
1297,0.1950,0.9400
1298,0.1945,0.9600
1299,0.1952,0.9400
1300,0.2077,0.9700
1301,0.2038,0.9500
1302,0.1945,0.9200
1303,0.1935,0.9100
1304,0.1993,0.9600
1305,0.2135,0.9700
1306,0.1923,0.9500
1307,0.2148,0.8700
1308,0.2058,0.8800
1309,0.1937,0.9100
1310,0.1967,0.9600
1311,0.2002,0.9600
1312,0.1965,0.9600
1313,0.1909,0.9600
1314,0.1897,0.9500
1315,0.1902,0.9100
1316,0.1942,0.9000
1317,0.1995,0.9500
1318,0.1959,0.9600
1319,0.1890,0.9400
1320,0.1908,0.9200
1321,0.1900,0.9400
1322,0.1880,0.9600
1323,0.1938,0.9700
1324,0.1922,0.9600
1325,0.1945,0.9500
1326,0.1898,0.9400
1327,0.1883,0.9400
1328,0.1877,0.9600
1329,0.1871,0.9600
1330,0.1863,0.9400
1331,0.1851,0.9500
1332,0.1862,0.9600
1333,0.1858,0.9600
1334,0.1873,0.9400
1335,0.1973,0.8900
1336,0.1898,0.9100
1337,0.1855,0.9500
1338,0.1861,0.9500
1339,0.1871,0.9600
1340,0.1854,0.9400
1341,0.1872,0.9600
1342,0.2073,0.9600
1343,0.1916,0.9800
1344,0.1870,0.9700
1345,0.1816,0.9300
1346,0.1888,0.9100
1347,0.1877,0.9100
1348,0.1806,0.9400
1349,0.1810,0.9600
1350,0.1845,0.9700
1351,0.1793,0.9600
1352,0.1787,0.9500
1353,0.1825,0.9300
1354,0.1834,0.9500
1355,0.1784,0.9500
1356,0.1826,0.9600
1357,0.1775,0.9500
1358,0.1850,0.9600
1359,0.1828,0.9600
1360,0.1795,0.9300
1361,0.1976,0.8800
1362,0.1843,0.9100
1363,0.1786,0.9500
1364,0.1762,0.9500
1365,0.1770,0.9700
1366,0.1872,0.9700
1367,0.1835,0.9600
1368,0.1791,0.9700
1369,0.1754,0.9300
1370,0.1787,0.9100
1371,0.1789,0.9200
1372,0.1771,0.9500
1373,0.1748,0.9500
1374,0.1753,0.9600
1375,0.1743,0.9600
1376,0.1876,0.9700
1377,0.1856,0.9700
1378,0.1742,0.9700
1379,0.1772,0.9000
1380,0.1802,0.8900
1381,0.1757,0.9600
1382,0.1821,0.9700
1383,0.1712,0.9600
1384,0.1746,0.9400
1385,0.1834,0.9100
1386,0.1753,0.9500
1387,0.1728,0.9400
1388,0.1706,0.9600
1389,0.1696,0.9600
1390,0.1697,0.9500
1391,0.1703,0.9600
1392,0.1699,0.9600
1393,0.1692,0.9500
1394,0.1703,0.9600
1395,0.1757,0.9400
1396,0.1755,0.9400
1397,0.1710,0.9500
1398,0.1775,0.9700
1399,0.1684,0.9600
1400,0.1701,0.9400
1401,0.1732,0.9400
1402,0.1692,0.9600
1403,0.1748,0.9300
1404,0.1728,0.9200
1405,0.1701,0.9300
1406,0.1672,0.9500
1407,0.1702,0.9600
1408,0.1677,0.9400
1409,0.1668,0.9400
1410,0.1686,0.9200
1411,0.1692,0.9200
1412,0.1664,0.9300
1413,0.1726,0.9600
1414,0.1671,0.9600
1415,0.1744,0.9100
1416,0.1694,0.9300
1417,0.1647,0.9500
1418,0.1674,0.9600
1419,0.1647,0.9500
1420,0.1651,0.9600
1421,0.1712,0.9600
1422,0.1696,0.9500
1423,0.1655,0.9600
1424,0.1637,0.9500
1425,0.1656,0.9400
1426,0.1645,0.9400
1427,0.1626,0.9600
1428,0.1613,0.9700
1429,0.1653,0.9600
1430,0.1610,0.9700
1431,0.1632,0.9600
1432,0.1620,0.9600
1433,0.1612,0.9700
1434,0.1618,0.9700
1435,0.1615,0.9600
1436,0.1668,0.9500
1437,0.1637,0.9400
1438,0.1599,0.9600
1439,0.1616,0.9500
1440,0.1630,0.9700
1441,0.1623,0.9700
1442,0.1587,0.9600
1443,0.1619,0.9600
1444,0.1606,0.9600
1445,0.1584,0.9500
1446,0.1681,0.9600
1447,0.1619,0.9700
1448,0.1586,0.9300
1449,0.1617,0.9200
1450,0.1589,0.9400
1451,0.1581,0.9500
1452,0.1600,0.9700
1453,0.1575,0.9700
1454,0.1580,0.9700
1455,0.1569,0.9500
1456,0.1581,0.9600
1457,0.1566,0.9600
1458,0.1571,0.9600
1459,0.1573,0.9600
1460,0.1590,0.9600
1461,0.1581,0.9500
1462,0.1581,0.9600
1463,0.1555,0.9600
1464,0.1574,0.9600
1465,0.1551,0.9600
1466,0.1653,0.9400
1467,0.1538,0.9700
1468,0.1574,0.9700
1469,0.1659,0.9800
1470,0.1588,0.9600
1471,0.1550,0.9700
1472,0.1594,0.9500
1473,0.1570,0.9600
1474,0.1558,0.9600
1475,0.1592,0.9700
1476,0.1639,0.9700
1477,0.1657,0.9400
1478,0.1555,0.9600
1479,0.1544,0.9500
1480,0.1534,0.9500
1481,0.1529,0.9600
1482,0.1530,0.9600
1483,0.1572,0.9500
1484,0.1612,0.9400
1485,0.1587,0.9400
1486,0.1512,0.9700
1487,0.1560,0.9700
1488,0.1548,0.9700
1489,0.1509,0.9600
1490,0.1847,0.9000
1491,0.1675,0.9200
1492,0.1576,0.9300
1493,0.1503,0.9500
1494,0.1549,0.9500
1495,0.1537,0.9600
1496,0.1652,0.9700
1497,0.1627,0.9800
1498,0.1485,0.9800
1499,0.1526,0.9600
1500,0.1596,0.9400
1501,0.1503,0.9700
1502,0.1558,0.9700
1503,0.1541,0.9600
1504,0.1533,0.9500
1505,0.1529,0.9400
1506,0.1483,0.9600
1507,0.1483,0.9700
1508,0.1483,0.9600
1509,0.1471,0.9600
1510,0.1498,0.9400
1511,0.1524,0.9400
1512,0.1503,0.9400
1513,0.1476,0.9600
1514,0.1623,0.9700
1515,0.1500,0.9700
1516,0.1461,0.9600
1517,0.1480,0.9700
1518,0.1514,0.9600
1519,0.1586,0.9400
1520,0.1630,0.9400
1521,0.1539,0.9400
1522,0.1457,0.9700
1523,0.1730,0.9500
1524,0.1609,0.9500
1525,0.1439,0.9700
1526,0.1494,0.9600
1527,0.1485,0.9600
1528,0.1496,0.9600
1529,0.1475,0.9600
1530,0.1435,0.9700
1531,0.1450,0.9700
1532,0.1441,0.9700
1533,0.1471,0.9600
1534,0.1474,0.9700
1535,0.1437,0.9600
1536,0.1433,0.9600
1537,0.1458,0.9500
1538,0.1494,0.9700
1539,0.1463,0.9700
1540,0.1482,0.9800
1541,0.1465,0.9700
1542,0.1435,0.9600
1543,0.1436,0.9700
1544,0.1477,0.9700
1545,0.1516,0.9800
1546,0.1446,0.9600
1547,0.1423,0.9500
1548,0.1424,0.9600
1549,0.1417,0.9600
1550,0.1418,0.9700
1551,0.1414,0.9700
1552,0.1418,0.9600
1553,0.1428,0.9500
1554,0.1448,0.9400
1555,0.1419,0.9700
1556,0.1432,0.9700
1557,0.1407,0.9500
1558,0.1408,0.9600
1559,0.1418,0.9600
1560,0.1461,0.9600
1561,0.1509,0.9700
1562,0.1383,0.9700
1563,0.1409,0.9700
1564,0.1406,0.9700
1565,0.1418,0.9600
1566,0.1416,0.9600
1567,0.1450,0.9600
1568,0.1386,0.9700
1569,0.1479,0.9600
1570,0.1439,0.9700
1571,0.1401,0.9700
1572,0.1484,0.9500
1573,0.1497,0.9500
1574,0.1483,0.9700
1575,0.1441,0.9600
1576,0.1395,0.9600
1577,0.1397,0.9600
1578,0.1407,0.9600
1579,0.1382,0.9600
1580,0.1411,0.9700
1581,0.1383,0.9700
1582,0.1368,0.9700
1583,0.1360,0.9600
1584,0.1374,0.9600
1585,0.1406,0.9600
1586,0.1444,0.9600
1587,0.1401,0.9700
1588,0.1391,0.9600
1589,0.1391,0.9700
1590,0.1354,0.9600
1591,0.1365,0.9700
1592,0.1363,0.9600
1593,0.1416,0.9600
1594,0.1437,0.9600
1595,0.1384,0.9600
1596,0.1376,0.9700
1597,0.1520,0.9500
1598,0.1412,0.9800
1599,0.1358,0.9700
1600,0.1522,0.9400
1601,0.1429,0.9600
1602,0.1365,0.9700
1603,0.1357,0.9600
1604,0.1362,0.9700
1605,0.1357,0.9700
1606,0.1368,0.9700
1607,0.1382,0.9600
1608,0.1370,0.9700
1609,0.1342,0.9600
1610,0.1367,0.9600
1611,0.1462,0.9400
1612,0.1367,0.9600
1613,0.1364,0.9700
1614,0.1332,0.9600
1615,0.1404,0.9600
1616,0.1395,0.9600
1617,0.1342,0.9700
1618,0.1351,0.9700
1619,0.1394,0.9600
1620,0.1369,0.9600
1621,0.1336,0.9700
1622,0.1359,0.9700
1623,0.1332,0.9700
1624,0.1336,0.9700
1625,0.1393,0.9600
1626,0.1365,0.9600
1627,0.1327,0.9600
1628,0.1313,0.9600
1629,0.1318,0.9600
1630,0.1319,0.9600
1631,0.1421,0.9600
1632,0.1407,0.9700
1633,0.1371,0.9700
1634,0.1312,0.9600
1635,0.1305,0.9700
1636,0.1323,0.9700
1637,0.1333,0.9700
1638,0.1343,0.9800
1639,0.1343,0.9800
1640,0.1396,0.9700
1641,0.1341,0.9700
1642,0.1341,0.9600
1643,0.1302,0.9800
1644,0.1405,0.9700
1645,0.1322,0.9600
1646,0.1338,0.9500
1647,0.1463,0.9600
1648,0.1432,0.9800
1649,0.1288,0.9700
1650,0.1296,0.9700
1651,0.1317,0.9700
1652,0.1293,0.9700
1653,0.1299,0.9600
1654,0.1286,0.9700
1655,0.1280,0.9700
1656,0.1292,0.9700
1657,0.1287,0.9700
1658,0.1297,0.9600
1659,0.1318,0.9800
1660,0.1276,0.9700
1661,0.1276,0.9600
1662,0.1274,0.9700
1663,0.1290,0.9700
1664,0.1327,0.9800
1665,0.1275,0.9800
1666,0.1305,0.9700
1667,0.1320,0.9600
1668,0.1288,0.9700
1669,0.1352,0.9700
1670,0.1522,0.9500
1671,0.1251,0.9700
1672,0.1383,0.9400
1673,0.1383,0.9300
1674,0.1310,0.9500
1675,0.1296,0.9500
1676,0.1395,0.9600
1677,0.1360,0.9600
1678,0.1289,0.9600
1679,0.1319,0.9500
1680,0.1314,0.9500
1681,0.1257,0.9600
1682,0.1246,0.9600
1683,0.1255,0.9700
1684,0.1274,0.9700
1685,0.1255,0.9600
1686,0.1253,0.9700
1687,0.1263,0.9700
1688,0.1249,0.9700
1689,0.1285,0.9600
1690,0.1279,0.9700
1691,0.1247,0.9600
1692,0.1240,0.9600
1693,0.1264,0.9700
1694,0.1280,0.9600
1695,0.1266,0.9700
1696,0.1287,0.9700
1697,0.1324,0.9600
1698,0.1279,0.9600
1699,0.1256,0.9600
1700,0.1265,0.9700
1701,0.1229,0.9700
1702,0.1240,0.9600
1703,0.1272,0.9700
1704,0.1263,0.9700
1705,0.1272,0.9600
1706,0.1320,0.9700
1707,0.1310,0.9600
1708,0.1262,0.9700
1709,0.1285,0.9600
1710,0.1299,0.9500
1711,0.1280,0.9600
1712,0.1309,0.9600
1713,0.1355,0.9700
1714,0.1255,0.9700
1715,0.1237,0.9500
1716,0.1228,0.9500
1717,0.1224,0.9500
1718,0.1217,0.9600
1719,0.1213,0.9600
1720,0.1211,0.9600
1721,0.1214,0.9500
1722,0.1253,0.9400
1723,0.1231,0.9500
1724,0.1211,0.9700
1725,0.1229,0.9700
1726,0.1233,0.9700
1727,0.1288,0.9600
1728,0.1242,0.9700
1729,0.1255,0.9600
1730,0.1262,0.9600
1731,0.1259,0.9700
1732,0.1587,0.9400
1733,0.1368,0.9400
1734,0.1205,0.9600
1735,0.1224,0.9700
1736,0.1337,0.9600
1737,0.1340,0.9700
1738,0.1227,0.9600
1739,0.1203,0.9500
1740,0.1202,0.9800
1741,0.1406,0.9600
1742,0.1213,0.9700
1743,0.1207,0.9500
1744,0.1218,0.9700
1745,0.1191,0.9700
1746,0.1190,0.9700
1747,0.1200,0.9600
1748,0.1196,0.9600
1749,0.1195,0.9600
1750,0.1199,0.9600
1751,0.1245,0.9700
1752,0.1254,0.9600
1753,0.1217,0.9700
1754,0.1196,0.9600
1755,0.1225,0.9700
1756,0.1218,0.9700
1757,0.1189,0.9600
1758,0.1220,0.9700
1759,0.1210,0.9700
1760,0.1197,0.9700
1761,0.1213,0.9700
1762,0.1273,0.9700
1763,0.1292,0.9600
1764,0.1297,0.9700
1765,0.1313,0.9500
1766,0.1220,0.9700
1767,0.1195,0.9600
1768,0.1263,0.9400
1769,0.1179,0.9600
1770,0.1247,0.9700
1771,0.1234,0.9600
1772,0.1211,0.9500
1773,0.1367,0.9300
1774,0.1264,0.9500
1775,0.1217,0.9700
1776,0.1341,0.9500
1777,0.1274,0.9700
1778,0.1184,0.9700
1779,0.1251,0.9700
1780,0.1267,0.9600
1781,0.1182,0.9700
1782,0.1185,0.9700
1783,0.1185,0.9700
1784,0.1167,0.9700
1785,0.1186,0.9600
1786,0.1181,0.9600
1787,0.1167,0.9600
1788,0.1161,0.9600
1789,0.1176,0.9600
1790,0.1154,0.9600
1791,0.1158,0.9700
1792,0.1179,0.9700
1793,0.1148,0.9700
1794,0.1217,0.9700
1795,0.1164,0.9700
1796,0.1157,0.9700
1797,0.1282,0.9600
1798,0.1179,0.9800
1799,0.1155,0.9700
1800,0.1202,0.9600
1801,0.1247,0.9600
1802,0.1196,0.9700
1803,0.1159,0.9600
1804,0.1162,0.9700
1805,0.1189,0.9700
1806,0.1175,0.9700
1807,0.1146,0.9700
1808,0.1148,0.9600
1809,0.1141,0.9600
1810,0.1145,0.9700
1811,0.1168,0.9600
1812,0.1164,0.9600
1813,0.1158,0.9600
1814,0.1145,0.9700
1815,0.1179,0.9800
1816,0.1141,0.9700
1817,0.1155,0.9600
1818,0.1140,0.9500
1819,0.1138,0.9500
1820,0.1140,0.9700
1821,0.1160,0.9700
1822,0.1172,0.9800
1823,0.1181,0.9600
1824,0.1157,0.9700
1825,0.1149,0.9700
1826,0.1124,0.9600
1827,0.1157,0.9500
1828,0.1137,0.9500
1829,0.1122,0.9500
1830,0.1127,0.9600
1831,0.1155,0.9600
1832,0.1143,0.9500
1833,0.1127,0.9500
1834,0.1145,0.9600
1835,0.1155,0.9600
1836,0.1130,0.9600
1837,0.1151,0.9500
1838,0.1176,0.9600
1839,0.1147,0.9500
1840,0.1118,0.9600
1841,0.1116,0.9600
1842,0.1111,0.9600
1843,0.1140,0.9700
1844,0.1154,0.9800
1845,0.1159,0.9800
1846,0.1157,0.9500
1847,0.1198,0.9500
1848,0.1159,0.9400
1849,0.1184,0.9500
1850,0.1116,0.9600
1851,0.1148,0.9800
1852,0.1107,0.9700
1853,0.1133,0.9700
1854,0.1155,0.9700
1855,0.1185,0.9700
1856,0.1117,0.9800
1857,0.1136,0.9700
1858,0.1120,0.9700
1859,0.1113,0.9800
1860,0.1171,0.9700
1861,0.1174,0.9600
1862,0.1141,0.9500
1863,0.1133,0.9700
1864,0.1137,0.9700
1865,0.1109,0.9600
1866,0.1114,0.9800
1867,0.1183,0.9800
1868,0.1164,0.9800
1869,0.1110,0.9600
1870,0.1107,0.9600
1871,0.1111,0.9600
1872,0.1103,0.9600
1873,0.1116,0.9800
1874,0.1131,0.9700
1875,0.1146,0.9600
1876,0.1133,0.9600
1877,0.1143,0.9700
1878,0.1166,0.9700
1879,0.1119,0.9700
1880,0.1124,0.9700
1881,0.1091,0.9700
1882,0.1144,0.9800
1883,0.1124,0.9800
1884,0.1099,0.9700
1885,0.1085,0.9800
1886,0.1147,0.9600
1887,0.1132,0.9500
1888,0.1120,0.9400
1889,0.1123,0.9500
1890,0.1106,0.9500
1891,0.1094,0.9600
1892,0.1091,0.9600
1893,0.1099,0.9600
1894,0.1091,0.9600
1895,0.1092,0.9600
1896,0.1104,0.9600
1897,0.1094,0.9600
1898,0.1119,0.9600
1899,0.1138,0.9700
1900,0.1151,0.9700
1901,0.1109,0.9700
1902,0.1077,0.9700
1903,0.1091,0.9700
1904,0.1084,0.9700
1905,0.1099,0.9700
1906,0.1078,0.9700
1907,0.1140,0.9800
1908,0.1107,0.9800
1909,0.1208,0.9600
1910,0.1164,0.9600
1911,0.1075,0.9600
1912,0.1094,0.9500
1913,0.1140,0.9600
1914,0.1151,0.9600
1915,0.1082,0.9700
1916,0.1063,0.9800
1917,0.1080,0.9700
1918,0.1076,0.9700
1919,0.1062,0.9700
1920,0.1087,0.9700
1921,0.1071,0.9700
1922,0.1071,0.9700
1923,0.1108,0.9700
1924,0.1074,0.9700
1925,0.1066,0.9600
1926,0.1264,0.9500
1927,0.1143,0.9600
1928,0.1078,0.9500
1929,0.1264,0.9400
1930,0.1170,0.9500
1931,0.1082,0.9500
1932,0.1130,0.9700
1933,0.1186,0.9500
1934,0.1065,0.9700
1935,0.1126,0.9500
1936,0.1069,0.9700
1937,0.1053,0.9700
1938,0.1103,0.9700
1939,0.1128,0.9700
1940,0.1112,0.9600
1941,0.1138,0.9700
1942,0.1111,0.9700
1943,0.1115,0.9700
1944,0.1285,0.9500
1945,0.1100,0.9800
1946,0.1068,0.9600
1947,0.1111,0.9700
1948,0.1088,0.9600
1949,0.1056,0.9700
1950,0.1055,0.9700
1951,0.1088,0.9500
1952,0.1070,0.9600
1953,0.1059,0.9600
1954,0.1078,0.9500
1955,0.1058,0.9600
1956,0.1063,0.9600
1957,0.1063,0.9600
1958,0.1063,0.9600
1959,0.1058,0.9600
1960,0.1053,0.9600
1961,0.1047,0.9800
1962,0.1081,0.9800
1963,0.1065,0.9800
1964,0.1063,0.9800
1965,0.1053,0.9800
1966,0.1084,0.9700
1967,0.1091,0.9700
1968,0.1082,0.9700
1969,0.1049,0.9800
1970,0.1043,0.9700
1971,0.1055,0.9600
1972,0.1039,0.9700
1973,0.1033,0.9700
1974,0.1044,0.9700
1975,0.1033,0.9700
1976,0.1035,0.9700
1977,0.1048,0.9700
1978,0.1076,0.9800
1979,0.1085,0.9800
1980,0.1063,0.9700
1981,0.1056,0.9700
1982,0.1157,0.9600
1983,0.1104,0.9500
1984,0.1115,0.9600
1985,0.1072,0.9600
1986,0.1041,0.9800
1987,0.1042,0.9800
1988,0.1035,0.9700
1989,0.1054,0.9700
1990,0.1051,0.9800
1991,0.1052,0.9800
1992,0.1027,0.9700
1993,0.1121,0.9700
1994,0.1102,0.9600
1995,0.1066,0.9600
1996,0.1038,0.9700
1997,0.1063,0.9700
1998,0.1121,0.9700
1999,0.1313,0.9500
2000,0.1221,0.9500
2001,0.1065,0.9500
2002,0.1038,0.9700
2003,0.1098,0.9700
2004,0.1033,0.9600
2005,0.1033,0.9600
2006,0.1047,0.9600
2007,0.1028,0.9700
2008,0.1052,0.9700
2009,0.1029,0.9800
2010,0.1019,0.9700
2011,0.1024,0.9800
2012,0.1033,0.9700
2013,0.1036,0.9700
2014,0.1020,0.9700
2015,0.1034,0.9700
2016,0.1032,0.9800
2017,0.1007,0.9700
2018,0.1029,0.9700
2019,0.1032,0.9700
2020,0.1028,0.9600
2021,0.1042,0.9700
2022,0.1009,0.9800
2023,0.1067,0.9700
2024,0.1051,0.9600
2025,0.1010,0.9600
2026,0.1012,0.9600
2027,0.1048,0.9600
2028,0.1065,0.9600
2029,0.1019,0.9600
2030,0.1006,0.9600
2031,0.1193,0.9500
2032,0.1061,0.9700
2033,0.1004,0.9700
2034,0.1036,0.9800
2035,0.1175,0.9500
2036,0.1225,0.9500
2037,0.1065,0.9800
2038,0.1004,0.9600
2039,0.1021,0.9600
2040,0.1022,0.9600
2041,0.1022,0.9600
2042,0.0995,0.9700
2043,0.1031,0.9800
2044,0.1009,0.9600
2045,0.1007,0.9700
2046,0.0998,0.9700
2047,0.0997,0.9700
2048,0.1018,0.9700
2049,0.1038,0.9700
2050,0.1016,0.9700
2051,0.0997,0.9700
2052,0.1028,0.9700
2053,0.1008,0.9700
2054,0.1073,0.9700
2055,0.1133,0.9600
2056,0.1043,0.9700
2057,0.1017,0.9700
2058,0.1033,0.9600
2059,0.1015,0.9500
2060,0.1042,0.9600
2061,0.1038,0.9600
2062,0.0993,0.9600
2063,0.0987,0.9700
2064,0.1040,0.9700
2065,0.1009,0.9500
2066,0.0986,0.9600
2067,0.1019,0.9700
2068,0.1005,0.9700
2069,0.1043,0.9600
2070,0.1003,0.9700
2071,0.1009,0.9700
2072,0.0992,0.9800
2073,0.0997,0.9700
2074,0.0991,0.9600
2075,0.1002,0.9700
2076,0.0998,0.9600
2077,0.0988,0.9600
2078,0.1001,0.9600
2079,0.0988,0.9600
2080,0.0975,0.9600
2081,0.0983,0.9700
2082,0.0997,0.9700
2083,0.1035,0.9600
2084,0.1010,0.9700
2085,0.0982,0.9700
2086,0.1010,0.9800
2087,0.0969,0.9700
2088,0.1135,0.9500
2089,0.1144,0.9600
2090,0.0988,0.9900
2091,0.1156,0.9600
2092,0.1381,0.9500
2093,0.1104,0.9500
2094,0.0984,0.9700
2095,0.1046,0.9600
2096,0.1016,0.9600
2097,0.0975,0.9600
2098,0.0976,0.9600
2099,0.0970,0.9600
2100,0.0973,0.9700
2101,0.0973,0.9600
2102,0.1008,0.9600
2103,0.0996,0.9600
2104,0.0986,0.9600
2105,0.0971,0.9600
2106,0.0983,0.9700
2107,0.0971,0.9700
2108,0.0969,0.9600
2109,0.1033,0.9500
2110,0.0985,0.9500
2111,0.0992,0.9600
2112,0.0993,0.9500
2113,0.0968,0.9500
2114,0.0962,0.9600
2115,0.0977,0.9600
2116,0.0961,0.9600
2117,0.0968,0.9600
2118,0.0963,0.9600
2119,0.0969,0.9600
2120,0.0978,0.9600
2121,0.0973,0.9700
2122,0.0963,0.9700
2123,0.1029,0.9700
2124,0.1106,0.9500
2125,0.1061,0.9600
2126,0.0971,0.9600
2127,0.0998,0.9700
2128,0.0985,0.9700
2129,0.0968,0.9700
2130,0.0985,0.9600
2131,0.0988,0.9500
2132,0.1021,0.9500
2133,0.1023,0.9500
2134,0.0965,0.9600
2135,0.0966,0.9600
2136,0.0995,0.9600
2137,0.0991,0.9600
2138,0.1098,0.9600
2139,0.1198,0.9600
2140,0.1139,0.9600
2141,0.1025,0.9700
2142,0.1031,0.9500
2143,0.1009,0.9700
2144,0.1004,0.9600
2145,0.0965,0.9700
2146,0.0960,0.9700
2147,0.0957,0.9600
2148,0.0962,0.9500
2149,0.1030,0.9700
2150,0.1067,0.9600
2151,0.1006,0.9600
2152,0.0970,0.9700
2153,0.0970,0.9700
2154,0.0997,0.9700
2155,0.0958,0.9700
2156,0.0947,0.9600
2157,0.0960,0.9700
2158,0.1056,0.9600
2159,0.1038,0.9600
2160,0.0956,0.9700
2161,0.1103,0.9600
2162,0.1026,0.9600
2163,0.0983,0.9600
2164,0.0950,0.9700
2165,0.0955,0.9700
2166,0.0986,0.9500
2167,0.0979,0.9500
2168,0.1001,0.9500
2169,0.0972,0.9600
2170,0.0956,0.9600
2171,0.0951,0.9600
2172,0.1014,0.9700
2173,0.1046,0.9600
2174,0.0973,0.9600
2175,0.0968,0.9600
2176,0.0979,0.9600
2177,0.0943,0.9600
2178,0.1127,0.9500
2179,0.1137,0.9600
2180,0.0948,0.9600
2181,0.1024,0.9500
2182,0.1072,0.9500
2183,0.0986,0.9500
2184,0.0932,0.9600
2185,0.0951,0.9700
2186,0.0944,0.9600
2187,0.0944,0.9700
2188,0.0968,0.9700
2189,0.0995,0.9700
2190,0.0952,0.9700
2191,0.0956,0.9700
2192,0.1011,0.9800
2193,0.1031,0.9800
2194,0.0956,0.9800
2195,0.0944,0.9700
2196,0.0978,0.9700
2197,0.0963,0.9800
2198,0.0981,0.9800
2199,0.0975,0.9800
2200,0.0949,0.9700
2201,0.0984,0.9700
2202,0.0950,0.9700
2203,0.0933,0.9700
2204,0.0944,0.9800
2205,0.0949,0.9800
2206,0.0938,0.9700
2207,0.0942,0.9700
2208,0.1021,0.9700
2209,0.0988,0.9600
2210,0.0988,0.9700
2211,0.0969,0.9900
2212,0.1010,0.9700
2213,0.0977,0.9800
2214,0.0953,0.9800
2215,0.0945,0.9700
2216,0.0981,0.9600
2217,0.0974,0.9500
2218,0.0955,0.9600
2219,0.0941,0.9600
2220,0.0946,0.9800
2221,0.1010,0.9600
2222,0.0965,0.9600
2223,0.0922,0.9700
2224,0.0945,0.9700
2225,0.0935,0.9700
2226,0.0939,0.9700
2227,0.0923,0.9700
2228,0.0985,0.9700
2229,0.0966,0.9800
2230,0.1123,0.9600
2231,0.1018,0.9800
2232,0.0946,0.9600
2233,0.0964,0.9500
2234,0.1219,0.9400
2235,0.1153,0.9500
2236,0.0974,0.9700
2237,0.1227,0.9500
2238,0.1166,0.9500
2239,0.0983,0.9700
2240,0.0942,0.9700
2241,0.0967,0.9600
2242,0.0979,0.9600
2243,0.1003,0.9600
2244,0.1015,0.9600
2245,0.0940,0.9600
2246,0.1277,0.9400
2247,0.1202,0.9600
2248,0.0929,0.9800
2249,0.1237,0.9400
2250,0.1132,0.9600
2251,0.0969,0.9700
2252,0.0938,0.9900
2253,0.0938,0.9900
2254,0.0964,0.9800
2255,0.0943,0.9600
2256,0.1022,0.9600
2257,0.1038,0.9500
2258,0.0955,0.9600
2259,0.0916,0.9600
2260,0.0920,0.9700
2261,0.0960,0.9600
2262,0.1066,0.9600
2263,0.0960,0.9600
2264,0.0936,0.9800
2265,0.0942,0.9700
2266,0.0923,0.9700
2267,0.0934,0.9600
2268,0.0929,0.9700
2269,0.0917,0.9600
2270,0.0904,0.9800
2271,0.0920,0.9800
2272,0.0908,0.9700
2273,0.0924,0.9700
2274,0.0912,0.9600
2275,0.0912,0.9700
2276,0.0909,0.9700
2277,0.0926,0.9700
2278,0.0932,0.9700
2279,0.0912,0.9600
2280,0.0902,0.9700
2281,0.0903,0.9800
2282,0.0903,0.9800
2283,0.0908,0.9600
2284,0.0908,0.9700
2285,0.0935,0.9600
2286,0.0910,0.9700
2287,0.0936,0.9700
2288,0.0922,0.9600
2289,0.0976,0.9700
2290,0.0923,0.9500
2291,0.0932,0.9700
2292,0.0920,0.9700
2293,0.0898,0.9600
2294,0.0914,0.9700
2295,0.0896,0.9700
2296,0.0915,0.9700
2297,0.0908,0.9700
2298,0.0907,0.9600
2299,0.0912,0.9700
2300,0.0902,0.9700
2301,0.0913,0.9700
2302,0.0909,0.9600
2303,0.0978,0.9800
2304,0.0937,0.9700
2305,0.0913,0.9600
2306,0.0922,0.9700
2307,0.0967,0.9600
2308,0.0924,0.9700
2309,0.0925,0.9700
2310,0.0913,0.9600
2311,0.0922,0.9700
2312,0.1035,0.9600
2313,0.0961,0.9700
2314,0.0981,0.9700
2315,0.0910,0.9700
2316,0.0917,0.9600
2317,0.0908,0.9700
2318,0.0948,0.9700
2319,0.0938,0.9700
2320,0.0905,0.9800
2321,0.0931,0.9600
2322,0.0973,0.9600
2323,0.0934,0.9700
2324,0.1025,0.9600
2325,0.1086,0.9600
2326,0.0955,0.9700
2327,0.0883,0.9700
2328,0.0949,0.9800
2329,0.0934,0.9700
2330,0.0986,0.9700
2331,0.0946,0.9600
2332,0.0943,0.9600
2333,0.0924,0.9700
2334,0.1021,0.9600
2335,0.0947,0.9600
2336,0.0949,0.9600
2337,0.0959,0.9800
2338,0.0897,0.9800
2339,0.0916,0.9700
2340,0.1039,0.9600
2341,0.1025,0.9600
2342,0.0877,0.9700
2343,0.0926,0.9500
2344,0.0903,0.9700
2345,0.0963,0.9800
2346,0.0902,0.9700
2347,0.0904,0.9700
2348,0.0898,0.9800
2349,0.0942,0.9700
2350,0.0892,0.9700
2351,0.0885,0.9700
2352,0.0900,0.9800
2353,0.0892,0.9700
2354,0.0892,0.9700
2355,0.0912,0.9800
2356,0.0951,0.9800
2357,0.0964,0.9800
2358,0.0973,0.9800
2359,0.0876,0.9700
2360,0.1019,0.9700
2361,0.1023,0.9700
2362,0.0928,0.9700
2363,0.0890,0.9700
2364,0.0940,0.9800
2365,0.0897,0.9800
2366,0.0883,0.9700
2367,0.0927,0.9700
2368,0.0959,0.9600
2369,0.0905,0.9500
2370,0.0885,0.9700
2371,0.0884,0.9800
2372,0.0877,0.9700
2373,0.0904,0.9700
2374,0.0887,0.9700
2375,0.0879,0.9700
2376,0.0884,0.9700
2377,0.0901,0.9700
2378,0.0901,0.9700
2379,0.0898,0.9600
2380,0.0891,0.9600
2381,0.0851,0.9800
2382,0.1009,0.9700
2383,0.1047,0.9600
2384,0.0931,0.9600
2385,0.0897,0.9600
2386,0.0894,0.9700
2387,0.0881,0.9600
2388,0.0870,0.9700
2389,0.0903,0.9600
2390,0.0881,0.9700
2391,0.0883,0.9700
2392,0.0879,0.9600
2393,0.0872,0.9800
2394,0.0869,0.9800
2395,0.0877,0.9700
2396,0.0893,0.9600
2397,0.0900,0.9600
2398,0.0873,0.9800
2399,0.0972,0.9700
2400,0.0917,0.9800
2401,0.0871,0.9600
2402,0.0883,0.9500
2403,0.0880,0.9700
2404,0.0907,0.9600
2405,0.0898,0.9600
2406,0.0875,0.9700
2407,0.0891,0.9800
2408,0.0876,0.9800
2409,0.0886,0.9600
2410,0.0888,0.9700
2411,0.0908,0.9700
2412,0.0879,0.9600
2413,0.0873,0.9700
2414,0.0878,0.9700
2415,0.0883,0.9700
2416,0.0879,0.9700
2417,0.0914,0.9700
2418,0.1023,0.9700
2419,0.0924,0.9700
2420,0.0928,0.9700
2421,0.0935,0.9600
2422,0.0935,0.9700
2423,0.0935,0.9600
2424,0.0905,0.9700
2425,0.0988,0.9700
2426,0.1108,0.9600
2427,0.0970,0.9700
2428,0.0862,0.9600
2429,0.0874,0.9600
2430,0.0889,0.9600
2431,0.0890,0.9600
2432,0.0858,0.9700
2433,0.0859,0.9600
2434,0.0856,0.9800
2435,0.0866,0.9800
2436,0.0858,0.9700
2437,0.0867,0.9600
2438,0.0860,0.9600
2439,0.0852,0.9700
2440,0.0855,0.9600
2441,0.0938,0.9800
2442,0.0921,0.9600
2443,0.0899,0.9700
2444,0.0866,0.9600
2445,0.0857,0.9700
2446,0.0859,0.9700
2447,0.0870,0.9700
2448,0.0889,0.9800
2449,0.0859,0.9700
2450,0.0866,0.9700
2451,0.0865,0.9600
2452,0.0889,0.9700
2453,0.0883,0.9700
2454,0.0866,0.9600
2455,0.0855,0.9700
2456,0.0858,0.9800
2457,0.0977,0.9600
2458,0.0970,0.9600
2459,0.0878,0.9800
2460,0.0851,0.9600
2461,0.0868,0.9700
2462,0.0934,0.9600
2463,0.0953,0.9700
2464,0.0900,0.9600
2465,0.0854,0.9800
2466,0.0882,0.9700
2467,0.0968,0.9600
2468,0.0952,0.9700
2469,0.0855,0.9800
2470,0.0864,0.9800
2471,0.0978,0.9700
2472,0.0878,0.9600
2473,0.0960,0.9500
2474,0.0928,0.9600
2475,0.0875,0.9700
2476,0.0947,0.9800
2477,0.0875,0.9700
2478,0.0925,0.9600
2479,0.0907,0.9600
2480,0.0878,0.9600
2481,0.0971,0.9700
2482,0.0976,0.9700
2483,0.0872,0.9800
2484,0.0878,0.9700
2485,0.0924,0.9700
2486,0.0909,0.9800
2487,0.0928,0.9700
2488,0.0909,0.9700
2489,0.0878,0.9700
2490,0.0875,0.9700
2491,0.0896,0.9700
2492,0.0948,0.9700
2493,0.0951,0.9700
2494,0.0953,0.9600
2495,0.0889,0.9800
2496,0.0871,0.9800
2497,0.0893,0.9800
2498,0.0841,0.9800
2499,0.0850,0.9600
2500,0.0841,0.9600
2501,0.0846,0.9600
2502,0.0845,0.9700
2503,0.0847,0.9600
2504,0.0848,0.9600
2505,0.0845,0.9700
2506,0.0861,0.9700
2507,0.0853,0.9700
2508,0.1207,0.9600
2509,0.1259,0.9500
2510,0.0899,0.9700
2511,0.0901,0.9600
2512,0.0888,0.9700
2513,0.0996,0.9600
2514,0.0834,0.9600
2515,0.0925,0.9500
2516,0.0960,0.9500
2517,0.0902,0.9500
2518,0.0860,0.9600
2519,0.0860,0.9700
2520,0.0860,0.9600
2521,0.0913,0.9700
2522,0.0882,0.9700
2523,0.0857,0.9600
2524,0.0884,0.9700
2525,0.0902,0.9700
2526,0.0841,0.9700
2527,0.0930,0.9500
2528,0.0852,0.9600
2529,0.0893,0.9700
2530,0.0959,0.9700
2531,0.0866,0.9700
2532,0.0831,0.9600
2533,0.0844,0.9700
2534,0.0834,0.9700
2535,0.0836,0.9600
2536,0.0826,0.9700
2537,0.0851,0.9800
2538,0.0835,0.9800
2539,0.0819,0.9700
2540,0.0848,0.9600
2541,0.0857,0.9600
2542,0.0841,0.9700
2543,0.0843,0.9800
2544,0.0848,0.9700
2545,0.0844,0.9700
2546,0.0843,0.9700
2547,0.0856,0.9700
2548,0.0844,0.9700
2549,0.1089,0.9500
2550,0.0873,0.9700
2551,0.0919,0.9500
2552,0.0850,0.9700
2553,0.0891,0.9700
2554,0.0845,0.9600
2555,0.1039,0.9400
2556,0.0952,0.9300
2557,0.0835,0.9800
2558,0.0892,0.9800
2559,0.0981,0.9700
2560,0.0923,0.9600
2561,0.1065,0.9400
2562,0.1080,0.9500
2563,0.0928,0.9700
2564,0.0918,0.9600
2565,0.0911,0.9700
2566,0.0858,0.9800
2567,0.0863,0.9700
2568,0.0902,0.9600
2569,0.0899,0.9700
2570,0.0844,0.9700
2571,0.0842,0.9600
2572,0.0838,0.9600
2573,0.0820,0.9600
2574,0.0817,0.9800
2575,0.0825,0.9800
2576,0.0820,0.9700
2577,0.0821,0.9700
2578,0.0821,0.9700
2579,0.0819,0.9700
2580,0.0819,0.9800
2581,0.0828,0.9800
2582,0.0896,0.9700
2583,0.0899,0.9600
2584,0.0837,0.9700
2585,0.0815,0.9800
2586,0.0825,0.9700
2587,0.0931,0.9700
2588,0.0923,0.9600
2589,0.0879,0.9600
2590,0.0905,0.9700
2591,0.1031,0.9700
2592,0.0975,0.9700
2593,0.0881,0.9700
2594,0.0866,0.9800
2595,0.0939,0.9600
2596,0.0894,0.9700
2597,0.0811,0.9700
2598,0.0849,0.9700
2599,0.0850,0.9700
2600,0.0848,0.9700
2601,0.0853,0.9600
2602,0.0857,0.9700
2603,0.0847,0.9700
2604,0.0835,0.9600
2605,0.0844,0.9700
2606,0.0822,0.9700
2607,0.0831,0.9800
2608,0.0838,0.9800
2609,0.0869,0.9600
2610,0.0909,0.9600
2611,0.0880,0.9600
2612,0.0824,0.9500
2613,0.0822,0.9700
2614,0.0854,0.9700
2615,0.0818,0.9700
2616,0.0993,0.9600
2617,0.0992,0.9600
2618,0.0848,0.9700
2619,0.0841,0.9700
2620,0.0861,0.9700
2621,0.0933,0.9600
2622,0.0979,0.9600
2623,0.0812,0.9900
2624,0.1019,0.9600
2625,0.0988,0.9600
2626,0.0867,0.9500
2627,0.0939,0.9600
2628,0.0883,0.9600
2629,0.0808,0.9800
2630,0.0810,0.9700
2631,0.0824,0.9600
2632,0.0798,0.9800
2633,0.0844,0.9700
2634,0.0904,0.9600
2635,0.0880,0.9600
2636,0.0859,0.9700
2637,0.0830,0.9600
2638,0.0803,0.9800
2639,0.0894,0.9700
2640,0.0859,0.9800
2641,0.0822,0.9700
2642,0.0992,0.9500
2643,0.1142,0.9500
2644,0.0844,0.9700
2645,0.0846,0.9800
2646,0.0856,0.9800
2647,0.0825,0.9700
2648,0.0819,0.9700
2649,0.0885,0.9600
2650,0.0859,0.9600
2651,0.0811,0.9800
2652,0.0814,0.9600
2653,0.0811,0.9600
2654,0.0809,0.9700
2655,0.0808,0.9700
2656,0.0806,0.9700
2657,0.0794,0.9700
2658,0.0804,0.9800
2659,0.0800,0.9800
2660,0.0820,0.9800
2661,0.0796,0.9800
2662,0.0807,0.9700
2663,0.0796,0.9700
2664,0.0791,0.9800
2665,0.0825,0.9700
2666,0.0805,0.9800
2667,0.0813,0.9700
2668,0.0819,0.9700
2669,0.0800,0.9700
2670,0.0977,0.9600
2671,0.0881,0.9600
2672,0.0829,0.9700
2673,0.0867,0.9700
2674,0.0830,0.9700
2675,0.0834,0.9800
2676,0.0833,0.9700
2677,0.0806,0.9700
2678,0.0799,0.9700
2679,0.1016,0.9600
2680,0.0866,0.9500
2681,0.0834,0.9700
2682,0.0832,0.9700
2683,0.0790,0.9800
2684,0.0804,0.9800
2685,0.0805,0.9700
2686,0.0860,0.9600
2687,0.0843,0.9700
2688,0.0887,0.9600
2689,0.0831,0.9700
2690,0.0796,0.9800
2691,0.0809,0.9800
2692,0.0854,0.9800
2693,0.0809,0.9700
2694,0.0809,0.9700
2695,0.0802,0.9800
2696,0.0789,0.9800
2697,0.0808,0.9700
2698,0.0795,0.9700
2699,0.0787,0.9800
2700,0.0783,0.9700
2701,0.0797,0.9700
2702,0.0801,0.9700
2703,0.0808,0.9700
2704,0.0793,0.9700
2705,0.0787,0.9700
2706,0.0806,0.9700
2707,0.0783,0.9800
2708,0.0817,0.9900
2709,0.0896,0.9600
2710,0.0985,0.9600
2711,0.0854,0.9800
2712,0.0818,0.9600
2713,0.0822,0.9800
2714,0.0781,0.9800
2715,0.1065,0.9600
2716,0.1009,0.9500
2717,0.0791,0.9800
2718,0.0794,0.9700
2719,0.0835,0.9600
2720,0.0802,0.9800
2721,0.0878,0.9800
2722,0.0809,0.9800
2723,0.0798,0.9700
2724,0.0791,0.9700
2725,0.0820,0.9700
2726,0.0840,0.9800
2727,0.0892,0.9700
2728,0.0780,0.9800
2729,0.0893,0.9700
2730,0.0862,0.9800
2731,0.0989,0.9600
2732,0.0965,0.9600
2733,0.0833,0.9700
2734,0.0792,0.9700
2735,0.0800,0.9700
2736,0.0826,0.9700
2737,0.0753,0.9800
2738,0.0870,0.9600
2739,0.0865,0.9600
2740,0.0873,0.9700
2741,0.0971,0.9600
2742,0.0832,0.9900
2743,0.0860,0.9600
2744,0.0780,0.9800
2745,0.0793,0.9700
2746,0.0826,0.9800
2747,0.0803,0.9800
2748,0.0792,0.9700
2749,0.0788,0.9700
2750,0.0803,0.9800
2751,0.0846,0.9700
2752,0.0924,0.9600
2753,0.0882,0.9700
2754,0.0793,0.9800
2755,0.0794,0.9700
2756,0.0795,0.9700
2757,0.0777,0.9800
2758,0.0770,0.9900
2759,0.0797,0.9700
2760,0.0780,0.9800
2761,0.0798,0.9800
2762,0.0817,0.9800
2763,0.0793,0.9700
2764,0.0788,0.9700
2765,0.0814,0.9700
2766,0.0784,0.9700
2767,0.0815,0.9800
2768,0.0914,0.9700
2769,0.0857,0.9600
2770,0.0929,0.9600
2771,0.0856,0.9700
2772,0.0816,0.9900
2773,0.0873,0.9700
2774,0.0948,0.9600
2775,0.0808,0.9800
2776,0.0813,0.9700
2777,0.0823,0.9700
2778,0.0800,0.9800
2779,0.0771,0.9700
2780,0.0789,0.9800
2781,0.0930,0.9500
2782,0.0998,0.9500
2783,0.0901,0.9500
2784,0.0895,0.9700
2785,0.0905,0.9700
2786,0.0863,0.9700
2787,0.0842,0.9700
2788,0.0842,0.9800
2789,0.0814,0.9800
2790,0.0808,0.9700
2791,0.0795,0.9800
2792,0.0770,0.9900
2793,0.0801,0.9700
2794,0.0773,0.9700
2795,0.0774,0.9800
2796,0.0793,0.9800
2797,0.0777,0.9800
2798,0.0772,0.9800
2799,0.0765,0.9800
2800,0.0784,0.9800
2801,0.0772,0.9800
2802,0.0768,0.9800
2803,0.0776,0.9800
2804,0.0768,0.9700
2805,0.0779,0.9800
2806,0.0777,0.9700
2807,0.0774,0.9700
2808,0.0769,0.9700
2809,0.0780,0.9700
2810,0.0813,0.9800
2811,0.0776,0.9800
2812,0.0778,0.9700
2813,0.0766,0.9800
2814,0.0766,0.9700
2815,0.0767,0.9700
2816,0.0770,0.9800
2817,0.0789,0.9700
2818,0.0764,0.9800
2819,0.0798,0.9800
2820,0.0865,0.9600
2821,0.0786,0.9700
2822,0.0757,0.9800
2823,0.0775,0.9700
2824,0.0780,0.9700
2825,0.0775,0.9700
2826,0.0778,0.9700
2827,0.0785,0.9600
2828,0.0791,0.9600
2829,0.0783,0.9700
2830,0.0787,0.9700
2831,0.0773,0.9700
2832,0.0766,0.9800
2833,0.0787,0.9700
2834,0.0768,0.9800
2835,0.0767,0.9800
2836,0.0766,0.9800
2837,0.0766,0.9700
2838,0.0770,0.9800
2839,0.0756,0.9800
2840,0.0772,0.9800
2841,0.0822,0.9700
2842,0.0829,0.9700
2843,0.0750,0.9800
2844,0.0769,0.9700
2845,0.0783,0.9700
2846,0.0835,0.9600
2847,0.0865,0.9600
2848,0.0786,0.9700
2849,0.0774,0.9900
2850,0.0795,0.9800
2851,0.0774,0.9800
2852,0.0750,0.9900
2853,0.0768,0.9800
2854,0.0759,0.9800
2855,0.0764,0.9700
2856,0.0757,0.9800
2857,0.0769,0.9600
2858,0.0791,0.9700
2859,0.0778,0.9700
2860,0.0782,0.9600
2861,0.0750,0.9700
2862,0.0745,0.9800
2863,0.0786,0.9800
2864,0.0771,0.9900
2865,0.0779,0.9800
2866,0.0790,0.9800
2867,0.0761,0.9800
2868,0.0828,0.9600
2869,0.0761,0.9600
2870,0.0771,0.9800
2871,0.0785,0.9800
2872,0.0790,0.9800
2873,0.0808,0.9800
2874,0.0793,0.9800
2875,0.0767,0.9800
2876,0.0783,0.9700
2877,0.0925,0.9700
2878,0.0957,0.9600
2879,0.0719,0.9900
2880,0.0881,0.9600
2881,0.0811,0.9700
2882,0.0797,0.9700
2883,0.0749,0.9700
2884,0.0848,0.9500
2885,0.0992,0.9400
2886,0.0863,0.9800
2887,0.0769,0.9800
2888,0.0767,0.9700
2889,0.0775,0.9600
2890,0.0781,0.9600
2891,0.0752,0.9700
2892,0.0755,0.9800
2893,0.0781,0.9800
2894,0.1059,0.9400
2895,0.1304,0.9200
2896,0.0972,0.9700
2897,0.0804,0.9700
2898,0.0941,0.9600
2899,0.0815,0.9800
2900,0.0744,0.9700
2901,0.0809,0.9800
2902,0.0804,0.9700
2903,0.0779,0.9700
2904,0.0754,0.9800
2905,0.0755,0.9800
2906,0.0750,0.9800
2907,0.0745,0.9700
2908,0.0765,0.9700
2909,0.0757,0.9800
2910,0.0750,0.9900
2911,0.0763,0.9800
2912,0.0787,0.9800
2913,0.0753,0.9700
2914,0.0743,0.9700
2915,0.0742,0.9700
2916,0.0741,0.9800
2917,0.0756,0.9700
2918,0.0763,0.9800
2919,0.0752,0.9800
2920,0.0783,0.9700
2921,0.0749,0.9700
2922,0.0916,0.9600
2923,0.0936,0.9600
2924,0.0794,0.9700
2925,0.0839,0.9700
2926,0.0853,0.9700
2927,0.0792,0.9800
2928,0.0769,0.9900
2929,0.0754,0.9700
2930,0.0813,0.9600
2931,0.0866,0.9700
2932,0.0799,0.9800
2933,0.0740,0.9800
2934,0.0853,0.9600
2935,0.0868,0.9600
2936,0.0891,0.9700
2937,0.1077,0.9500
2938,0.0950,0.9500
2939,0.0746,0.9600
2940,0.0829,0.9800
2941,0.0719,0.9800
2942,0.0826,0.9600
2943,0.0874,0.9800
2944,0.0885,0.9800
2945,0.0836,0.9700
2946,0.0809,0.9700
2947,0.0811,0.9500
2948,0.0770,0.9700
2949,0.0754,0.9800
2950,0.0757,0.9800
2951,0.0746,0.9700
2952,0.0748,0.9800
2953,0.0772,0.9800
2954,0.0753,0.9700
2955,0.0743,0.9800
2956,0.0747,0.9800
2957,0.0738,0.9800
2958,0.0737,0.9800
2959,0.0767,0.9800
2960,0.0790,0.9600
2961,0.0761,0.9700
2962,0.0734,0.9700
2963,0.0763,0.9800
2964,0.0748,0.9800
2965,0.0731,0.9800
2966,0.0736,0.9700
2967,0.0742,0.9700
2968,0.0857,0.9600
2969,0.0940,0.9600
2970,0.0797,0.9700
2971,0.0826,0.9700
2972,0.0900,0.9600
2973,0.0808,0.9700
2974,0.0770,0.9800
2975,0.0779,0.9700
2976,0.0805,0.9700
2977,0.0929,0.9600
2978,0.0890,0.9600
2979,0.0727,0.9700
2980,0.0784,0.9800
2981,0.0796,0.9600
2982,0.0756,0.9900
2983,0.0750,0.9800
2984,0.0737,0.9800
2985,0.0749,0.9800
2986,0.0746,0.9800
2987,0.0771,0.9700
2988,0.0760,0.9600
2989,0.0744,0.9600
2990,0.0864,0.9700
2991,0.0869,0.9700
2992,0.0779,0.9700
2993,0.0771,0.9700
2994,0.0756,0.9900
2995,0.0733,0.9800
2996,0.0728,0.9800
2997,0.0749,0.9800
2998,0.0723,0.9800
2999,0.0755,0.9600
3000,0.0726,0.9700
3001,0.0795,0.9700
3002,0.0818,0.9700
3003,0.0772,0.9700
3004,0.0753,0.9700
3005,0.0734,0.9800
3006,0.0722,0.9800
3007,0.0721,0.9800
3008,0.0731,0.9800
3009,0.0725,0.9900
3010,0.0796,0.9600
3011,0.0774,0.9600
3012,0.0726,0.9800
3013,0.0730,0.9700
3014,0.0755,0.9800
3015,0.0754,0.9700
3016,0.0747,0.9700
3017,0.0727,0.9700
3018,0.0713,0.9700
3019,0.0742,0.9800
3020,0.0765,0.9800
3021,0.0743,0.9800
3022,0.0745,0.9800
3023,0.0728,0.9800
3024,0.0732,0.9800
3025,0.0728,0.9800
3026,0.0722,0.9800
3027,0.0732,0.9700
3028,0.0734,0.9700
3029,0.0744,0.9700
3030,0.0741,0.9700
3031,0.0725,0.9700
3032,0.0719,0.9800
3033,0.0733,0.9700
3034,0.0728,0.9800
3035,0.0774,0.9600
3036,0.0838,0.9600
3037,0.0766,0.9600
3038,0.0969,0.9600
3039,0.0781,0.9700
3040,0.0726,0.9700
3041,0.0753,0.9600
3042,0.0743,0.9700
3043,0.0755,0.9800
3044,0.0795,0.9800
3045,0.0734,0.9700
3046,0.0721,0.9800
3047,0.0717,0.9800
3048,0.0714,0.9800
3049,0.0713,0.9900
3050,0.0719,0.9900
3051,0.0728,0.9800
3052,0.0733,0.9800
3053,0.0839,0.9700
3054,0.0800,0.9700
3055,0.0723,0.9900
3056,0.0740,0.9800
3057,0.0739,0.9800
3058,0.0773,0.9800
3059,0.0745,0.9700
3060,0.0727,0.9700
3061,0.0754,0.9700
3062,0.0763,0.9700
3063,0.0745,0.9800
3064,0.0747,0.9700
3065,0.0725,0.9700
3066,0.0732,0.9800
3067,0.0701,0.9800
3068,0.0739,0.9700
3069,0.0741,0.9700
3070,0.0726,0.9600
3071,0.0754,0.9600
3072,0.0759,0.9600
3073,0.0871,0.9600
3074,0.0863,0.9600
3075,0.0753,0.9600
3076,0.0719,0.9900
3077,0.0744,0.9800
3078,0.0774,0.9700
3079,0.0785,0.9600
3080,0.0747,0.9700
3081,0.0729,0.9800
3082,0.0709,0.9800
3083,0.0727,0.9900
3084,0.0729,0.9600
3085,0.0785,0.9600
3086,0.0747,0.9700
3087,0.0740,0.9700
3088,0.0727,0.9600
3089,0.0727,0.9800
3090,0.0744,0.9800
3091,0.0745,0.9800
3092,0.0831,0.9700
3093,0.0793,0.9800
3094,0.0723,0.9800
3095,0.0715,0.9800
3096,0.0717,0.9700
3097,0.0737,0.9700
3098,0.0823,0.9700
3099,0.0778,0.9700
3100,0.0724,0.9900
3101,0.0741,0.9900
3102,0.0734,0.9800
3103,0.0717,0.9900
3104,0.0729,0.9800
3105,0.0720,0.9900
3106,0.0727,0.9900
3107,0.0723,0.9900
3108,0.0720,0.9900
3109,0.0773,0.9600
3110,0.0793,0.9600
3111,0.0767,0.9700
3112,0.0761,0.9600
3113,0.0750,0.9600
3114,0.0738,0.9600
3115,0.0714,0.9700
3116,0.0721,0.9800
3117,0.0725,0.9900
3118,0.0733,0.9800
3119,0.0721,0.9900
3120,0.0718,0.9800
3121,0.0711,0.9800
3122,0.0720,0.9800
3123,0.0722,0.9800
3124,0.0762,0.9700
3125,0.0883,0.9700
3126,0.0791,0.9800
3127,0.0726,0.9900
3128,0.0708,0.9900
3129,0.0731,0.9700
3130,0.0749,0.9600
3131,0.0813,0.9600
3132,0.0763,0.9600
3133,0.0699,0.9900
3134,0.0705,0.9900
3135,0.0696,0.9800
3136,0.0718,0.9900
3137,0.0766,0.9800
3138,0.0836,0.9600
3139,0.0796,0.9700
3140,0.0760,0.9700
3141,0.0829,0.9700
3142,0.0789,0.9700
3143,0.0741,0.9700
3144,0.0732,0.9800
3145,0.0719,0.9900
3146,0.0816,0.9600
3147,0.0796,0.9600
3148,0.0734,0.9700
3149,0.0722,0.9800
3150,0.0709,0.9700
3151,0.0699,0.9800
3152,0.0731,0.9700
3153,0.0714,0.9700
3154,0.0712,0.9700
3155,0.0700,0.9900
3156,0.0699,0.9800
3157,0.0715,0.9800
3158,0.0714,0.9800
3159,0.0697,0.9800
3160,0.0727,0.9800
3161,0.0722,0.9800
3162,0.0717,0.9800
3163,0.0876,0.9600
3164,0.1076,0.9400
3165,0.0901,0.9600
3166,0.0703,0.9700
3167,0.0772,0.9700
3168,0.0732,0.9700
3169,0.0697,0.9800
3170,0.0831,0.9600
3171,0.0908,0.9600
3172,0.0814,0.9700
3173,0.0777,0.9800
3174,0.0728,0.9900
3175,0.0720,0.9800
3176,0.0715,0.9900
3177,0.0715,0.9900
3178,0.0706,0.9800
3179,0.0695,0.9900
3180,0.0749,0.9800
3181,0.0707,0.9900
3182,0.0701,0.9900
3183,0.0693,0.9900
3184,0.0701,0.9800
3185,0.0695,0.9800
3186,0.0693,0.9800
3187,0.0745,0.9700
3188,0.0752,0.9700
3189,0.0705,0.9700
3190,0.0728,0.9800
3191,0.0690,0.9800
3192,0.0690,0.9700
3193,0.0727,0.9700
3194,0.0752,0.9700
3195,0.0720,0.9800
3196,0.0735,0.9700
3197,0.0748,0.9800
3198,0.0759,0.9800
3199,0.0755,0.9800
3200,0.0733,0.9800
3201,0.0722,0.9800
3202,0.0713,0.9800
3203,0.0719,0.9800
3204,0.0708,0.9800
3205,0.0699,0.9800
3206,0.0701,0.9700
3207,0.0704,0.9600
3208,0.0700,0.9800
3209,0.0692,0.9800
3210,0.0690,0.9800
3211,0.0701,0.9700
3212,0.0700,0.9800
3213,0.0714,0.9800
3214,0.0697,0.9800
3215,0.0702,0.9800
3216,0.0710,0.9800
3217,0.0708,0.9800
3218,0.0708,0.9800
3219,0.0702,0.9800
3220,0.0700,0.9800
3221,0.0692,0.9800
3222,0.0848,0.9600
3223,0.0895,0.9600
3224,0.0807,0.9500
3225,0.0722,0.9700
3226,0.0711,0.9700
3227,0.0753,0.9800
3228,0.0820,0.9700
3229,0.0822,0.9700
3230,0.0755,0.9800
3231,0.0700,0.9700
3232,0.0694,0.9800
3233,0.0730,0.9800
3234,0.0720,0.9800
3235,0.0692,0.9800
3236,0.0697,0.9900
3237,0.0737,0.9800
3238,0.0730,0.9800
3239,0.0698,0.9600
3240,0.0803,0.9600
3241,0.0799,0.9600
3242,0.0721,0.9700
3243,0.0923,0.9700
3244,0.1015,0.9600
3245,0.0805,0.9700
3246,0.0711,0.9800
3247,0.0703,0.9800
3248,0.0736,0.9700
3249,0.0794,0.9700
3250,0.0751,0.9700
3251,0.0730,0.9800
3252,0.0771,0.9800
3253,0.0751,0.9800
3254,0.0723,0.9700
3255,0.0712,0.9900
3256,0.0738,0.9900
3257,0.0747,0.9900
3258,0.0737,0.9900
3259,0.0719,0.9900
3260,0.0811,0.9600
3261,0.0741,0.9700
3262,0.0695,0.9700
3263,0.0687,0.9800
3264,0.0689,0.9800
3265,0.0707,0.9700
3266,0.0704,0.9700
3267,0.0678,0.9900
3268,0.0705,0.9800
3269,0.0724,0.9700
3270,0.0719,0.9700
3271,0.0728,0.9800
3272,0.0706,0.9900
3273,0.0702,0.9900
3274,0.0706,0.9800
3275,0.0702,0.9800
3276,0.0739,0.9700
3277,0.0751,0.9700
3278,0.0708,0.9700
3279,0.0711,0.9900
3280,0.0718,0.9800
3281,0.0826,0.9700
3282,0.0855,0.9700
3283,0.0836,0.9600
3284,0.0894,0.9500
3285,0.0821,0.9600
3286,0.0749,0.9700
3287,0.0735,0.9700
3288,0.0762,0.9700
3289,0.0688,0.9800
3290,0.0777,0.9600
3291,0.0762,0.9600
3292,0.0770,0.9700
3293,0.0909,0.9600
3294,0.0700,0.9800
3295,0.0720,0.9700
3296,0.0729,0.9700
3297,0.0700,0.9700
3298,0.0707,0.9700
3299,0.0771,0.9700
3300,0.0769,0.9700
3301,0.0686,0.9900
3302,0.0696,0.9900
3303,0.0741,0.9600
3304,0.0722,0.9700
3305,0.0691,0.9700
3306,0.0821,0.9800
3307,0.0792,0.9700
3308,0.0751,0.9800
3309,0.0777,0.9700
3310,0.0777,0.9600
3311,0.0675,0.9800
3312,0.0694,0.9800
3313,0.0716,0.9800
3314,0.0689,0.9900
3315,0.0688,0.9800
3316,0.0706,0.9700
3317,0.0707,0.9800
3318,0.0768,0.9700
3319,0.0768,0.9700
3320,0.0655,0.9900
3321,0.0796,0.9700
3322,0.0813,0.9700
3323,0.0679,0.9700
3324,0.0816,0.9600
3325,0.0793,0.9700
3326,0.0739,0.9700
3327,0.0701,0.9700
3328,0.0690,0.9700
3329,0.0801,0.9700
3330,0.0690,0.9900
3331,0.0720,0.9700
3332,0.0787,0.9700
3333,0.0718,0.9800
3334,0.0708,0.9700
3335,0.0688,0.9700
3336,0.0679,0.9800
3337,0.0680,0.9800
3338,0.0684,0.9900
3339,0.0708,0.9900
3340,0.0793,0.9600
3341,0.0821,0.9600
3342,0.0721,0.9900
3343,0.0721,0.9700
3344,0.0806,0.9600
3345,0.0772,0.9700
3346,0.0710,0.9800
3347,0.0687,0.9700
3348,0.0689,0.9700
3349,0.0665,0.9900
3350,0.0672,0.9900
3351,0.0679,0.9900
3352,0.0679,0.9800
3353,0.0674,0.9900
3354,0.0674,0.9900
3355,0.0664,0.9900
3356,0.0663,0.9900
3357,0.0672,0.9800
3358,0.0667,0.9700
3359,0.0692,0.9700
3360,0.0728,0.9700
3361,0.0723,0.9700
3362,0.0804,0.9600
3363,0.0722,0.9700
3364,0.0673,0.9700
3365,0.0677,0.9700
3366,0.0684,0.9700
3367,0.0730,0.9600
3368,0.0754,0.9600
3369,0.0681,0.9800
3370,0.0681,0.9800
3371,0.0734,0.9700
3372,0.0800,0.9600
3373,0.0706,0.9700
3374,0.0684,0.9800
3375,0.0755,0.9600
3376,0.0759,0.9500
3377,0.0674,0.9800
3378,0.0659,0.9800
3379,0.0678,0.9900
3380,0.0731,0.9800
3381,0.0667,0.9800
3382,0.0790,0.9600
3383,0.0745,0.9700
3384,0.0940,0.9600
3385,0.0854,0.9700
3386,0.0830,0.9500
3387,0.0805,0.9600
3388,0.0793,0.9700
3389,0.0757,0.9700
3390,0.0725,0.9700
3391,0.0665,0.9800
3392,0.0661,0.9900
3393,0.0688,0.9900
3394,0.0704,0.9900
3395,0.0685,0.9900
3396,0.0677,0.9900
3397,0.0680,0.9800
3398,0.0981,0.9600
3399,0.0690,0.9600
3400,0.0798,0.9700
3401,0.0811,0.9700
3402,0.0750,0.9800
3403,0.0658,0.9700
3404,0.0721,0.9600
3405,0.0670,0.9700
3406,0.0787,0.9800
3407,0.0732,0.9800
3408,0.0669,0.9900
3409,0.0731,0.9700
3410,0.0736,0.9700
3411,0.0684,0.9800
3412,0.0663,0.9800
3413,0.0704,0.9700
3414,0.0688,0.9800
3415,0.0695,0.9900
3416,0.0682,0.9900
3417,0.0695,0.9800
3418,0.0694,0.9800
3419,0.0713,0.9800
3420,0.0802,0.9700
3421,0.0851,0.9700
3422,0.0754,0.9700
3423,0.0685,0.9800
3424,0.0685,0.9700
3425,0.0722,0.9700
3426,0.0672,0.9900
3427,0.0659,0.9900
3428,0.0673,0.9900
3429,0.0676,0.9900
3430,0.0664,0.9800
3431,0.0700,0.9700
3432,0.0701,0.9700
3433,0.0708,0.9700
3434,0.0691,0.9700
3435,0.0681,0.9700
3436,0.0683,0.9800
3437,0.0641,0.9900
3438,0.0740,0.9700
3439,0.0713,0.9900
3440,0.0697,0.9800
3441,0.0797,0.9700
3442,0.0683,0.9800
3443,0.0764,0.9700
3444,0.0769,0.9700
3445,0.0725,0.9700
3446,0.0699,0.9800
3447,0.0683,0.9900
3448,0.0672,0.9800
3449,0.0668,0.9800
3450,0.0694,0.9900
3451,0.0726,0.9800
3452,0.0709,0.9800
3453,0.0685,0.9900
3454,0.0679,0.9800
3455,0.0696,0.9800
3456,0.0677,0.9700
3457,0.0712,0.9700
3458,0.0731,0.9800
3459,0.0971,0.9600
3460,0.0901,0.9600
3461,0.0697,0.9900
3462,0.0705,0.9800
3463,0.0715,0.9700
3464,0.0674,0.9800
3465,0.0807,0.9700
3466,0.0813,0.9700
3467,0.0699,0.9700
3468,0.0669,0.9800
3469,0.0690,0.9800
3470,0.0665,0.9800
3471,0.0648,0.9800
3472,0.0655,0.9800
3473,0.0650,0.9900
3474,0.0654,0.9900
3475,0.0653,0.9900
3476,0.0651,0.9800
3477,0.0675,0.9800
3478,0.0673,0.9800
3479,0.0685,0.9800
3480,0.0680,0.9700
3481,0.0729,0.9700
3482,0.0689,0.9800
3483,0.0681,0.9800
3484,0.0689,0.9800
3485,0.0662,0.9900
3486,0.0672,0.9900
3487,0.0706,0.9700
3488,0.0668,0.9900
3489,0.0647,0.9900
3490,0.0648,0.9900
3491,0.0731,0.9700
3492,0.0802,0.9600
3493,0.0686,0.9800
3494,0.0676,0.9900
3495,0.0659,0.9800
3496,0.0662,0.9700
3497,0.1021,0.9500
3498,0.1250,0.9100
3499,0.0926,0.9600
3500,0.0634,0.9800
3501,0.0774,0.9700
3502,0.0752,0.9700
3503,0.0661,0.9800
3504,0.0690,0.9800
3505,0.0678,0.9700
3506,0.0664,0.9900
3507,0.0643,0.9900
3508,0.0647,0.9900
3509,0.0642,0.9800
3510,0.0649,0.9800
3511,0.0652,0.9900
3512,0.0658,0.9900
3513,0.0653,0.9900
3514,0.0650,0.9900
3515,0.0651,0.9800
3516,0.0648,0.9900
3517,0.0678,0.9700
3518,0.0706,0.9600
3519,0.0707,0.9700
3520,0.0833,0.9600
3521,0.0735,0.9700
3522,0.0680,0.9700
3523,0.0649,0.9800
3524,0.0644,0.9800
3525,0.0649,0.9900
3526,0.0708,0.9800
3527,0.0733,0.9700
3528,0.0646,0.9900
3529,0.0643,0.9900
3530,0.0670,0.9900
3531,0.0643,0.9900
3532,0.0648,0.9800
3533,0.0667,0.9800
3534,0.0654,0.9900
3535,0.0658,0.9800
3536,0.0655,0.9700
3537,0.0658,0.9700
3538,0.0680,0.9700
3539,0.0711,0.9800
3540,0.0683,0.9800
3541,0.0793,0.9700
3542,0.0732,0.9700
3543,0.0668,0.9900
3544,0.0655,0.9900
3545,0.0650,0.9900
3546,0.0638,0.9800
3547,0.0644,0.9800
3548,0.0649,0.9800
3549,0.0642,0.9900
3550,0.0662,0.9900
3551,0.0655,0.9900
3552,0.0711,0.9600
3553,0.0751,0.9600
3554,0.0692,0.9700
3555,0.0637,0.9800
3556,0.0659,0.9700
3557,0.0652,0.9800
3558,0.0647,0.9800
3559,0.0655,0.9800
3560,0.0651,0.9800
3561,0.0642,0.9800
3562,0.0642,0.9800
3563,0.0642,0.9700
3564,0.0659,0.9700
3565,0.0658,0.9800
3566,0.0672,0.9800
3567,0.0660,0.9900
3568,0.0659,0.9800
3569,0.0652,0.9800
3570,0.0663,0.9900
3571,0.0673,0.9900
3572,0.0651,0.9900
3573,0.0738,0.9600
3574,0.0683,0.9700
3575,0.0654,0.9700
3576,0.0678,0.9800
3577,0.0676,0.9800
3578,0.0638,0.9800
3579,0.0644,0.9900
3580,0.0647,0.9800
3581,0.0641,0.9900
3582,0.0646,0.9900
3583,0.0634,0.9800
3584,0.0656,0.9900
3585,0.0647,0.9900
3586,0.0645,0.9900
3587,0.0654,0.9800
3588,0.0639,0.9900
3589,0.0644,0.9800
3590,0.0653,0.9800
3591,0.0628,0.9900
3592,0.0629,0.9800
3593,0.0660,0.9700
3594,0.0679,0.9700
3595,0.0639,0.9800
3596,0.0637,0.9700
3597,0.0649,0.9700
3598,0.0677,0.9800
3599,0.0684,0.9800
3600,0.0723,0.9700
3601,0.0650,0.9800
3602,0.0797,0.9600
3603,0.0972,0.9300
3604,0.0675,0.9800
3605,0.0663,0.9800
3606,0.0627,0.9800
3607,0.0653,0.9800
3608,0.0679,0.9800
3609,0.0659,0.9900
3610,0.0753,0.9700
3611,0.0819,0.9600
3612,0.0713,0.9600
3613,0.0653,0.9800
3614,0.0703,0.9700
3615,0.0736,0.9700
3616,0.0803,0.9700
3617,0.0779,0.9700
3618,0.0699,0.9800
3619,0.0652,0.9900
3620,0.0642,0.9800
3621,0.0632,0.9800
3622,0.0648,0.9900
3623,0.0644,0.9800
3624,0.0640,0.9900
3625,0.0631,0.9900
3626,0.0733,0.9600
3627,0.0634,0.9800
3628,0.0793,0.9700
3629,0.0772,0.9800
3630,0.0716,0.9800
3631,0.0753,0.9700
3632,0.0677,0.9800
3633,0.0618,0.9800
3634,0.0640,0.9900
3635,0.0637,0.9900
3636,0.0660,0.9900
3637,0.0649,0.9900
3638,0.0701,0.9700
3639,0.0703,0.9600
3640,0.0669,0.9800
3641,0.0650,0.9900
3642,0.0662,0.9900
3643,0.0659,0.9900
3644,0.0816,0.9600
3645,0.0761,0.9700
3646,0.0656,0.9700
3647,0.0638,0.9800
3648,0.0646,0.9800
3649,0.0628,0.9800
3650,0.0658,0.9700
3651,0.0660,0.9700
3652,0.0748,0.9700
3653,0.0769,0.9600
3654,0.0659,0.9800
3655,0.0654,0.9800
3656,0.0690,0.9800
3657,0.0730,0.9800
3658,0.0673,0.9900
3659,0.0696,0.9700
3660,0.0754,0.9700
3661,0.0673,0.9700
3662,0.0631,0.9800
3663,0.0644,0.9800
3664,0.0617,0.9800
3665,0.0632,0.9900
3666,0.0641,0.9900
3667,0.0651,0.9900
3668,0.0713,0.9700
3669,0.0806,0.9700
3670,0.0734,0.9800
3671,0.0859,0.9600
3672,0.0729,0.9600
3673,0.0647,0.9900
3674,0.0644,0.9900
3675,0.0684,0.9800
3676,0.0682,0.9700
3677,0.0637,0.9800
3678,0.0643,0.9900
3679,0.0663,0.9700
3680,0.0711,0.9600
3681,0.0662,0.9700
3682,0.0629,0.9800
3683,0.0652,0.9800
3684,0.0630,0.9900
3685,0.0620,0.9900
3686,0.0637,0.9900
3687,0.0656,0.9800
3688,0.0626,0.9900
3689,0.0739,0.9700
3690,0.0683,0.9700
3691,0.0648,0.9700
3692,0.0648,0.9800
3693,0.0648,0.9800
3694,0.0625,0.9800
3695,0.0626,0.9800
3696,0.0632,0.9800
3697,0.0655,0.9700
3698,0.0667,0.9700
3699,0.0656,0.9800
3700,0.0618,0.9900
3701,0.0618,0.9800
3702,0.0656,0.9900
3703,0.0687,0.9700
3704,0.0655,0.9900
3705,0.0756,0.9600
3706,0.0665,0.9800
3707,0.0724,0.9800
3708,0.0676,0.9800
3709,0.0710,0.9700
3710,0.0762,0.9700
3711,0.0703,0.9700
3712,0.0649,0.9800
3713,0.0686,0.9800
3714,0.0639,0.9800
3715,0.0626,0.9800
3716,0.0629,0.9800
3717,0.0615,0.9800
3718,0.0642,0.9900
3719,0.0637,0.9800
3720,0.0631,0.9800
3721,0.0642,0.9900
3722,0.0694,0.9700
3723,0.0681,0.9700
3724,0.0644,0.9900
3725,0.0622,0.9800
3726,0.0614,0.9800
3727,0.0627,0.9800
3728,0.0726,0.9600
3729,0.0676,0.9800
3730,0.0617,0.9800
3731,0.0638,0.9800
3732,0.0630,0.9700
3733,0.0646,0.9800
3734,0.0643,0.9800
3735,0.0627,0.9900
3736,0.0637,0.9900
3737,0.0674,0.9800
3738,0.0755,0.9700
3739,0.0684,0.9700
3740,0.0611,0.9800
3741,0.0625,0.9800
3742,0.0640,0.9800
3743,0.0626,0.9900
3744,0.0644,0.9800
3745,0.0650,0.9800
3746,0.0650,0.9900
3747,0.0624,0.9900
3748,0.0635,0.9900
3749,0.0604,0.9900
3750,0.0619,0.9800
3751,0.0621,0.9800
3752,0.0619,0.9900
3753,0.0625,0.9900
3754,0.0630,0.9900
3755,0.0626,0.9900
3756,0.0617,0.9900
3757,0.0625,0.9800
3758,0.0650,0.9800
3759,0.0628,0.9800
3760,0.0725,0.9600
3761,0.0838,0.9600
3762,0.0677,0.9700
3763,0.0656,0.9900
3764,0.0664,0.9900
3765,0.0636,0.9900
3766,0.0621,0.9900
3767,0.0618,0.9800
3768,0.0621,0.9800
3769,0.0606,0.9800
3770,0.0622,0.9900
3771,0.0616,0.9800
3772,0.0614,0.9800
3773,0.0617,0.9900
3774,0.0617,0.9800
3775,0.0617,0.9900
3776,0.0620,0.9900
3777,0.0668,0.9700
3778,0.0662,0.9700
3779,0.0622,0.9700
3780,0.0618,0.9800
3781,0.0612,0.9800
3782,0.0608,0.9800
3783,0.0608,0.9800
3784,0.0609,0.9800
3785,0.0720,0.9700
3786,0.0723,0.9700
3787,0.0638,0.9700
3788,0.0849,0.9600
3789,0.0811,0.9600
3790,0.0659,0.9700
3791,0.0618,0.9800
3792,0.0693,0.9700
3793,0.0663,0.9800
3794,0.0645,0.9900
3795,0.0638,0.9900
3796,0.0629,0.9900
3797,0.0629,0.9900
3798,0.0619,0.9900
3799,0.0611,0.9900
3800,0.0620,0.9900
3801,0.0614,0.9900
3802,0.0623,0.9900
3803,0.0639,0.9900
3804,0.0642,0.9900
3805,0.0619,0.9900
3806,0.0616,0.9900
3807,0.0608,0.9900
3808,0.0631,0.9800
3809,0.0622,0.9700
3810,0.0601,0.9800
3811,0.0687,0.9800
3812,0.0681,0.9800
3813,0.0667,0.9800
3814,0.0581,0.9800
3815,0.0681,0.9800
3816,0.0631,0.9900
3817,0.0621,0.9900
3818,0.0636,0.9800
3819,0.0626,0.9800
3820,0.0630,0.9900
3821,0.0653,0.9700
3822,0.0725,0.9700
3823,0.0652,0.9800
3824,0.0616,0.9900
3825,0.0626,0.9900
3826,0.0695,0.9600
3827,0.0762,0.9600
3828,0.0683,0.9700
3829,0.0615,0.9900
3830,0.0621,0.9800
3831,0.0608,0.9800
3832,0.0640,0.9800
3833,0.0608,0.9900
3834,0.0617,0.9900
3835,0.0623,0.9900
3836,0.0735,0.9700
3837,0.0730,0.9700
3838,0.0670,0.9900
3839,0.0624,0.9900
3840,0.0624,0.9900
3841,0.0617,0.9900
3842,0.0631,0.9900
3843,0.0616,0.9800
3844,0.0610,0.9800
3845,0.0610,0.9800
3846,0.0613,0.9700
3847,0.0617,0.9700
3848,0.0622,0.9900
3849,0.0641,0.9800
3850,0.0617,0.9900
3851,0.0657,0.9600
3852,0.0664,0.9600
3853,0.0623,0.9800
3854,0.0626,0.9800
3855,0.0608,0.9800
3856,0.0620,0.9900
3857,0.0619,0.9900
3858,0.0622,0.9900
3859,0.0622,0.9900
3860,0.0622,0.9900
3861,0.0628,0.9900
3862,0.0637,0.9700
3863,0.0627,0.9800
3864,0.0654,0.9700
3865,0.0659,0.9700
3866,0.0648,0.9800
3867,0.0647,0.9700
3868,0.0632,0.9800
3869,0.0621,0.9800
3870,0.0618,0.9900
3871,0.0622,0.9800
3872,0.0724,0.9700
3873,0.0739,0.9700
3874,0.0673,0.9700
3875,0.0623,0.9700
3876,0.0642,0.9700
3877,0.0621,0.9800
3878,0.0621,0.9900
3879,0.0612,0.9900
3880,0.0602,0.9800
3881,0.0602,0.9800
3882,0.0599,0.9800
3883,0.0599,0.9800
3884,0.0594,0.9800
3885,0.0621,0.9800
3886,0.0599,0.9800
3887,0.0706,0.9600
3888,0.0704,0.9600
3889,0.0681,0.9700
3890,0.0634,0.9900
3891,0.0626,0.9900
3892,0.0604,0.9900
3893,0.0601,0.9900
3894,0.0594,0.9800
3895,0.0599,0.9800
3896,0.0602,0.9800
3897,0.0599,0.9800
3898,0.0642,0.9700
3899,0.0634,0.9800
3900,0.0632,0.9700
3901,0.0643,0.9700
3902,0.0774,0.9600
3903,0.0673,0.9700
3904,0.0597,0.9800
3905,0.0611,0.9800
3906,0.0614,0.9800
3907,0.0636,0.9700
3908,0.0602,0.9700
3909,0.0598,0.9800
3910,0.0610,0.9900
3911,0.0745,0.9600
3912,0.0664,0.9900
3913,0.0654,0.9700
3914,0.0636,0.9700
3915,0.0621,0.9800
3916,0.0686,0.9700
3917,0.0717,0.9700
3918,0.0634,0.9900
3919,0.0717,0.9700
3920,0.0767,0.9700
3921,0.0696,0.9700
3922,0.0760,0.9600
3923,0.0752,0.9700
3924,0.0660,0.9800
3925,0.0615,0.9700
3926,0.0651,0.9800
3927,0.0629,0.9800
3928,0.0630,0.9900
3929,0.0603,0.9900
3930,0.0606,0.9900
3931,0.0593,0.9900
3932,0.0610,0.9900
3933,0.0611,0.9800
3934,0.0591,0.9800
3935,0.0589,0.9800
3936,0.0592,0.9800
3937,0.0593,0.9800
3938,0.0593,0.9800
3939,0.0590,0.9800
3940,0.0638,0.9800
3941,0.0627,0.9800
3942,0.0625,0.9900
3943,0.0612,0.9900
3944,0.0612,0.9900
3945,0.0613,0.9900
3946,0.0632,0.9900
3947,0.0628,0.9900
3948,0.0630,0.9900
3949,0.0619,0.9800
3950,0.0627,0.9900
3951,0.0591,0.9900
3952,0.0592,0.9900
3953,0.0590,0.9900
3954,0.0633,0.9800
3955,0.0654,0.9700
3956,0.0646,0.9700
3957,0.0652,0.9800
3958,0.0633,0.9900
3959,0.0614,0.9900
3960,0.0605,0.9800
3961,0.0601,0.9800
3962,0.0599,0.9800
3963,0.0597,0.9900
3964,0.0595,0.9900
3965,0.0594,0.9900
3966,0.0597,0.9900
3967,0.0698,0.9700
3968,0.0742,0.9700
3969,0.0733,0.9800
3970,0.0829,0.9600
3971,0.0684,0.9800
3972,0.0637,0.9900
3973,0.0635,0.9900
3974,0.0622,0.9800
3975,0.0610,0.9800
3976,0.0615,0.9800
3977,0.0626,0.9900
3978,0.0618,0.9900
3979,0.0611,0.9800
3980,0.0595,0.9800
3981,0.0607,0.9700
3982,0.0604,0.9700
3983,0.0594,0.9900
3984,0.0595,0.9900
3985,0.0594,0.9900
3986,0.0602,0.9900
3987,0.0607,0.9900
3988,0.0602,0.9900
3989,0.0604,0.9900
3990,0.0590,0.9900
3991,0.0585,0.9900
3992,0.0664,0.9800
3993,0.0639,0.9800
3994,0.0659,0.9700
3995,0.0674,0.9800
3996,0.0648,0.9900
3997,0.0706,0.9700
3998,0.0657,0.9800
3999,0.0742,0.9700
4000,0.0833,0.9500
4001,0.0705,0.9700
4002,0.0607,0.9800
4003,0.0710,0.9700
4004,0.0685,0.9800
4005,0.0624,0.9700
4006,0.0611,0.9800
4007,0.0622,0.9700
4008,0.0649,0.9700
4009,0.0607,0.9900
4010,0.0595,0.9800
4011,0.0588,0.9900
4012,0.0610,0.9900
4013,0.0612,0.9900
4014,0.0602,0.9900
4015,0.0599,0.9900
4016,0.0610,0.9800
4017,0.0618,0.9700
4018,0.0587,0.9900
4019,0.0612,0.9800
4020,0.0602,0.9900
4021,0.0593,0.9900
4022,0.0592,0.9900
4023,0.0588,0.9900
4024,0.0598,0.9900
4025,0.0587,0.9900
4026,0.0598,0.9900
4027,0.0601,0.9900
4028,0.0623,0.9900
4029,0.0687,0.9700
4030,0.0748,0.9700
4031,0.0645,0.9800
4032,0.0631,0.9700
4033,0.0623,0.9700
4034,0.0610,0.9700
4035,0.0618,0.9800
4036,0.0759,0.9700
4037,0.0876,0.9700
4038,0.0713,0.9800
4039,0.0612,0.9900
4040,0.0605,0.9900
4041,0.0589,0.9900
4042,0.0583,0.9900
4043,0.0599,0.9800
4044,0.0592,0.9800
4045,0.0594,0.9800
4046,0.0589,0.9900
4047,0.0588,0.9800
4048,0.0591,0.9900
4049,0.0609,0.9900
4050,0.0614,0.9900
4051,0.0672,0.9700
4052,0.0620,0.9700
4053,0.0635,0.9800
4054,0.0673,0.9800
4055,0.0668,0.9800
4056,0.0577,0.9900
4057,0.0675,0.9700
4058,0.0646,0.9800
4059,0.0584,0.9900
4060,0.0593,0.9900
4061,0.0603,0.9900
4062,0.0672,0.9600
4063,0.0656,0.9700
4064,0.0608,0.9900
4065,0.0645,0.9700
4066,0.0666,0.9700
4067,0.0621,0.9900
4068,0.0588,0.9900
4069,0.0661,0.9800
4070,0.0716,0.9600
4071,0.0871,0.9500
4072,0.0759,0.9500
4073,0.0600,0.9900
4074,0.0667,0.9800
4075,0.0661,0.9800
4076,0.0622,0.9900
4077,0.0591,0.9900
4078,0.0587,0.9900
4079,0.0603,0.9900
4080,0.0589,0.9900
4081,0.0582,0.9900
4082,0.0596,0.9900
4083,0.0603,0.9900
4084,0.0590,0.9900
4085,0.0590,0.9900
4086,0.0591,0.9900
4087,0.0573,0.9900
4088,0.0580,0.9900
4089,0.0715,0.9700
4090,0.0666,0.9700
4091,0.0591,0.9900
4092,0.0587,0.9900
4093,0.0589,0.9900
4094,0.0580,0.9900
4095,0.0578,0.9900
4096,0.0579,0.9900
4097,0.0587,0.9800
4098,0.0586,0.9800
4099,0.0597,0.9800
4100,0.0636,0.9700
4101,0.0584,0.9900
4102,0.0594,0.9800
4103,0.0639,0.9800
4104,0.0622,0.9900
4105,0.0609,0.9900
4106,0.0672,0.9700
4107,0.0649,0.9700
4108,0.0604,0.9800
4109,0.0613,0.9700
4110,0.0610,0.9700
4111,0.0608,0.9800
4112,0.0610,0.9800
4113,0.0614,0.9800
4114,0.0606,0.9800
4115,0.0574,0.9800
4116,0.0575,0.9900
4117,0.0574,0.9900
4118,0.0579,0.9900
4119,0.0580,0.9900
4120,0.0576,0.9900
4121,0.0572,0.9900
4122,0.0584,0.9900
4123,0.0613,0.9800
4124,0.0751,0.9600
4125,0.0574,0.9900
4126,0.0740,0.9700
4127,0.0754,0.9700
4128,0.0656,0.9800
4129,0.0590,0.9900
4130,0.0613,0.9700
4131,0.0593,0.9900
4132,0.0568,0.9900
4133,0.0583,0.9900
4134,0.0585,0.9900
4135,0.0582,0.9900
4136,0.0655,0.9800
4137,0.0613,0.9700
4138,0.0643,0.9800
4139,0.0645,0.9700
4140,0.0651,0.9800
4141,0.0654,0.9900
4142,0.0678,0.9800
4143,0.0629,0.9900
4144,0.0589,0.9800
4145,0.0629,0.9700
4146,0.0687,0.9700
4147,0.0624,0.9800
4148,0.0597,0.9700
4149,0.0626,0.9600
4150,0.0667,0.9800
4151,0.0604,0.9900
4152,0.0581,0.9900
4153,0.0599,0.9900
4154,0.0609,0.9800
4155,0.0679,0.9600
4156,0.0636,0.9800
4157,0.0588,0.9700
4158,0.0616,0.9700
4159,0.0576,0.9700
4160,0.0603,0.9800
4161,0.0565,0.9900
4162,0.0602,0.9800
4163,0.0596,0.9900
4164,0.0589,0.9900
4165,0.0598,0.9900
4166,0.0589,0.9900
4167,0.0577,0.9900
4168,0.0650,0.9800
4169,0.0675,0.9700
4170,0.0609,0.9700
4171,0.0876,0.9400
4172,0.0784,0.9500
4173,0.0639,0.9900
4174,0.0608,0.9900
4175,0.0588,0.9900
4176,0.0569,0.9800
4177,0.0716,0.9600
4178,0.0788,0.9600
4179,0.0652,0.9700
4180,0.0581,0.9800
4181,0.0612,0.9800
4182,0.0713,0.9600
4183,0.0732,0.9600
4184,0.0634,0.9800
4185,0.0587,0.9900
4186,0.0584,0.9900
4187,0.0571,0.9800
4188,0.0567,0.9800
4189,0.0573,0.9800
4190,0.0608,0.9700
4191,0.0639,0.9700
4192,0.0598,0.9700
4193,0.0587,0.9800
4194,0.0586,0.9800
4195,0.0576,0.9800
4196,0.0576,0.9800
4197,0.0583,0.9900
4198,0.0589,0.9900
4199,0.0612,0.9900
4200,0.0613,0.9900
4201,0.0579,0.9900
4202,0.0566,0.9900
4203,0.0576,0.9900
4204,0.0573,0.9900
4205,0.0564,0.9900
4206,0.0574,0.9900
4207,0.0568,0.9900
4208,0.0567,0.9900
4209,0.0572,0.9900
4210,0.0575,0.9900
4211,0.0606,0.9800
4212,0.0767,0.9700
4213,0.0782,0.9700
4214,0.0586,0.9900
4215,0.0863,0.9600
4216,0.0705,0.9700
4217,0.0659,0.9800
4218,0.0601,0.9800
4219,0.0558,0.9800
4220,0.0583,0.9900
4221,0.0581,0.9900
4222,0.0618,0.9800
4223,0.0700,0.9600
4224,0.0699,0.9600
4225,0.0597,0.9800
4226,0.0566,0.9900
4227,0.0602,0.9900
4228,0.0730,0.9700
4229,0.0658,0.9700
4230,0.0579,0.9800
4231,0.0583,0.9800
4232,0.0579,0.9800
4233,0.0561,0.9900
4234,0.0600,0.9800
4235,0.0605,0.9800
4236,0.0761,0.9700
4237,0.0651,0.9700
4238,0.0571,0.9900
4239,0.0590,0.9900
4240,0.0578,0.9900
4241,0.0558,0.9900
4242,0.0590,0.9700
4243,0.0576,0.9800
4244,0.0571,0.9800
4245,0.0573,0.9800
4246,0.0568,0.9800
4247,0.0647,0.9600
4248,0.0677,0.9600
4249,0.0591,0.9900
4250,0.0732,0.9600
4251,0.0851,0.9600
4252,0.0677,0.9800
4253,0.0569,0.9800
4254,0.0576,0.9800
4255,0.0573,0.9800
4256,0.0565,0.9800
4257,0.0560,0.9800
4258,0.0563,0.9800
4259,0.0557,0.9800
4260,0.0563,0.9800
4261,0.0560,0.9900
4262,0.0565,0.9900
4263,0.0562,0.9900
4264,0.0566,0.9900
4265,0.0570,0.9800
4266,0.0559,0.9900
4267,0.0564,0.9900
4268,0.0599,0.9900
4269,0.0595,0.9900
4270,0.0569,0.9900
4271,0.0573,0.9900
4272,0.0601,0.9800
4273,0.0663,0.9800
4274,0.0606,0.9700
4275,0.0592,0.9700
4276,0.0571,0.9800
4277,0.0560,0.9800
4278,0.0566,0.9900
4279,0.0590,0.9900
4280,0.0616,0.9800
4281,0.0586,0.9800
4282,0.0607,0.9900
4283,0.0740,0.9800
4284,0.0696,0.9900
4285,0.0676,0.9800
4286,0.0665,0.9800
4287,0.0626,0.9900
4288,0.0599,0.9700
4289,0.0601,0.9800
4290,0.0576,0.9800
4291,0.0601,0.9700
4292,0.0670,0.9800
4293,0.0565,0.9900
4294,0.0625,0.9700
4295,0.0640,0.9800
4296,0.0561,0.9800
4297,0.0567,0.9900
4298,0.0666,0.9800
4299,0.0646,0.9900
4300,0.0635,0.9700
4301,0.0802,0.9600
4302,0.0656,0.9600
4303,0.0653,0.9700
4304,0.0695,0.9700
4305,0.0603,0.9700
4306,0.0574,0.9900
4307,0.0570,0.9900
4308,0.0566,0.9900
4309,0.0593,0.9900
4310,0.0614,0.9900
4311,0.0584,0.9800
4312,0.0660,0.9700
4313,0.0669,0.9800
4314,0.0655,0.9700
4315,0.0647,0.9700
4316,0.0616,0.9800
4317,0.0813,0.9600
4318,0.0810,0.9700
4319,0.0801,0.9800
4320,0.0798,0.9700
4321,0.0659,0.9900
4322,0.0629,0.9900
4323,0.0572,0.9900
4324,0.0563,0.9900
4325,0.0560,0.9900
4326,0.0557,0.9900
4327,0.0559,0.9900
4328,0.0555,0.9900
4329,0.0557,0.9900
4330,0.0567,0.9900
4331,0.0562,0.9900
4332,0.0551,0.9900
4333,0.0560,0.9900
4334,0.0560,0.9900
4335,0.0558,0.9900
4336,0.0574,0.9900
4337,0.0558,0.9900
4338,0.0612,0.9800
4339,0.0650,0.9800
4340,0.0585,0.9800
4341,0.0561,0.9800
4342,0.0600,0.9700
4343,0.0653,0.9700
4344,0.0647,0.9800
4345,0.0632,0.9800
4346,0.0646,0.9800
4347,0.0592,0.9900
4348,0.0578,0.9900
4349,0.0646,0.9600
4350,0.0671,0.9700
4351,0.0602,0.9900
4352,0.0622,0.9900
4353,0.0606,0.9900
4354,0.0573,0.9900
4355,0.0565,0.9800
4356,0.0572,0.9900
4357,0.0608,0.9800
4358,0.0587,0.9900
4359,0.0573,0.9900
4360,0.0585,0.9900
4361,0.0594,0.9900
4362,0.0579,0.9900
4363,0.0563,0.9900
4364,0.0558,0.9900
4365,0.0558,0.9900
4366,0.0555,0.9800
4367,0.0556,0.9800
4368,0.0553,0.9900
4369,0.0554,0.9900
4370,0.0558,0.9900
4371,0.0560,0.9900
4372,0.0558,0.9900
4373,0.0587,0.9700
4374,0.0579,0.9700
4375,0.0554,0.9900
4376,0.0557,0.9900
4377,0.0640,0.9700
4378,0.0773,0.9700
4379,0.0617,0.9800
4380,0.0609,0.9800
4381,0.0638,0.9700
4382,0.0575,0.9800
4383,0.0637,0.9600
4384,0.0659,0.9600
4385,0.0594,0.9800
4386,0.0569,0.9800
4387,0.0585,0.9800
4388,0.0604,0.9900
4389,0.0589,0.9900
4390,0.0640,0.9800
4391,0.0649,0.9700
4392,0.0629,0.9800
4393,0.0864,0.9500
4394,0.0731,0.9600
4395,0.0579,0.9900
4396,0.0621,0.9800
4397,0.0606,0.9800
4398,0.0605,0.9900
4399,0.0617,0.9900
4400,0.0621,0.9900
4401,0.0590,0.9900
4402,0.0586,0.9900
4403,0.0573,0.9900
4404,0.0569,0.9900
4405,0.0565,0.9900
4406,0.0561,0.9900
4407,0.0561,0.9900
4408,0.0549,0.9900
4409,0.0558,0.9900
4410,0.0566,0.9900
4411,0.0567,0.9900
4412,0.0591,0.9900
4413,0.0578,0.9900
4414,0.0567,0.9900
4415,0.0566,0.9900
4416,0.0554,0.9900
4417,0.0568,0.9900
4418,0.0573,0.9900
4419,0.0618,0.9800
4420,0.0592,0.9800
4421,0.0546,0.9900
4422,0.0560,0.9800
4423,0.0555,0.9800
4424,0.0549,0.9900
4425,0.0551,0.9900
4426,0.0570,0.9800
4427,0.0565,0.9800
4428,0.0548,0.9900
4429,0.0624,0.9900
4430,0.0689,0.9700
4431,0.0674,0.9700
4432,0.0609,0.9900
4433,0.0546,0.9800
4434,0.0626,0.9700
4435,0.0600,0.9800
4436,0.0583,0.9700
4437,0.0569,0.9700
4438,0.0547,0.9800
4439,0.0556,0.9800
4440,0.0548,0.9900
4441,0.0545,0.9800
4442,0.0574,0.9800
4443,0.0572,0.9800
4444,0.0568,0.9800
4445,0.0602,0.9800
4446,0.0573,0.9900
4447,0.0559,0.9900
4448,0.0658,0.9700
4449,0.0610,0.9600
4450,0.0573,0.9800
4451,0.0549,0.9900
4452,0.0561,0.9800
4453,0.0551,0.9900
4454,0.0545,0.9900
4455,0.0552,0.9900
4456,0.0615,0.9800
4457,0.0575,0.9700
4458,0.0795,0.9700
4459,0.0667,0.9800
4460,0.0562,0.9700
4461,0.0538,0.9800
4462,0.0564,0.9800
4463,0.0551,0.9800
4464,0.0553,0.9800
4465,0.0667,0.9700
4466,0.0757,0.9700
4467,0.0645,0.9600
4468,0.0549,0.9800
4469,0.0580,0.9800
4470,0.0568,0.9800
4471,0.0537,0.9900
4472,0.0542,0.9900
4473,0.0542,0.9900
4474,0.0549,0.9900
4475,0.0561,0.9900
4476,0.0552,0.9900
4477,0.0546,0.9900
4478,0.0557,0.9900
4479,0.0549,0.9900
4480,0.0540,0.9900
4481,0.0537,0.9900
4482,0.0542,0.9900
4483,0.0580,0.9800
4484,0.0542,0.9900
4485,0.0578,0.9900
4486,0.0603,0.9900
4487,0.0598,0.9900
4488,0.0603,0.9900
4489,0.0578,0.9900
4490,0.0551,0.9900
4491,0.0579,0.9800
4492,0.0576,0.9800
4493,0.0567,0.9900
4494,0.0553,0.9900
4495,0.0553,0.9900
4496,0.0553,0.9800
4497,0.0561,0.9800
4498,0.0546,0.9800
4499,0.0548,0.9900
4500,0.0568,0.9900
4501,0.0620,0.9900
4502,0.0625,0.9900
4503,0.0615,0.9800
4504,0.0666,0.9700
4505,0.0668,0.9700
4506,0.0569,0.9900
4507,0.0580,0.9900
4508,0.0568,0.9900
4509,0.0544,0.9900
4510,0.0601,0.9800
4511,0.0572,0.9800
4512,0.0555,0.9800
4513,0.0553,0.9800
4514,0.0551,0.9800
4515,0.0565,0.9900
4516,0.0592,0.9900
4517,0.0589,0.9900
4518,0.0572,0.9900
4519,0.0580,0.9800
4520,0.0597,0.9900
4521,0.0768,0.9600
4522,0.0644,0.9800
4523,0.0607,0.9800
4524,0.0593,0.9800
4525,0.0554,0.9900
4526,0.0585,0.9800
4527,0.0598,0.9700
4528,0.0572,0.9800
4529,0.0558,0.9800
4530,0.0631,0.9800
4531,0.0635,0.9700
4532,0.0603,0.9800
4533,0.0602,0.9800
4534,0.0567,0.9900
4535,0.0573,0.9900
4536,0.0577,0.9800
4537,0.0627,0.9700
4538,0.0605,0.9800
4539,0.0648,0.9800
4540,0.0746,0.9700
4541,0.0636,0.9700
4542,0.0634,0.9800
4543,0.0613,0.9900
4544,0.0578,0.9900
4545,0.0562,0.9900
4546,0.0549,0.9800
4547,0.0553,0.9700
4548,0.0551,0.9700
4549,0.0534,0.9900
4550,0.0539,0.9900
4551,0.0541,0.9900
4552,0.0539,0.9900
4553,0.0558,0.9900
4554,0.0542,0.9900
4555,0.0535,0.9900
4556,0.0537,0.9900
4557,0.0575,0.9900
4558,0.0601,0.9800
4559,0.0547,0.9700
4560,0.0566,0.9900
4561,0.0645,0.9700
4562,0.0599,0.9900
4563,0.0560,0.9800
4564,0.0578,0.9800
4565,0.0546,0.9700
4566,0.0572,0.9800
4567,0.0569,0.9800
4568,0.0565,0.9900
4569,0.0572,0.9900
4570,0.0566,0.9900
4571,0.0576,0.9700
4572,0.0587,0.9700
4573,0.0536,0.9900
4574,0.0564,0.9900
4575,0.0541,0.9900
4576,0.0553,0.9900
4577,0.0587,0.9700
4578,0.0561,0.9900
4579,0.0549,0.9900
4580,0.0548,0.9900
4581,0.0537,0.9900
4582,0.0542,0.9900
4583,0.0537,0.9900
4584,0.0539,0.9900
4585,0.0541,0.9800
4586,0.0532,0.9900
4587,0.0533,0.9900
4588,0.0602,0.9800
4589,0.0574,0.9800
4590,0.0559,0.9800
4591,0.0544,0.9800
4592,0.0562,0.9800
4593,0.0557,0.9700
4594,0.0565,0.9800
4595,0.0537,0.9800
4596,0.0532,0.9900
4597,0.0533,0.9900
4598,0.0545,0.9900
4599,0.0550,0.9900
4600,0.0696,0.9700
4601,0.0629,0.9800
4602,0.0558,0.9800
4603,0.0604,0.9800
4604,0.0559,0.9800
4605,0.0640,0.9700
4606,0.0639,0.9700
4607,0.0604,0.9800
4608,0.0583,0.9900
4609,0.0586,0.9800
4610,0.0617,0.9800
4611,0.0692,0.9700
4612,0.0628,0.9700
4613,0.0566,0.9700
4614,0.0595,0.9800
4615,0.0590,0.9800
4616,0.0567,0.9800
4617,0.0550,0.9900
4618,0.0660,0.9700
4619,0.0664,0.9700
4620,0.0592,0.9900
4621,0.0567,0.9900
4622,0.0550,0.9900
4623,0.0555,0.9800
4624,0.0562,0.9800
4625,0.0576,0.9800
4626,0.0588,0.9700
4627,0.0549,0.9700
4628,0.0560,0.9800
4629,0.0535,0.9800
4630,0.0535,0.9900
4631,0.0554,0.9800
4632,0.0599,0.9800
4633,0.0564,0.9700
4634,0.0536,0.9800
4635,0.0648,0.9800
4636,0.0641,0.9800
4637,0.0581,0.9900
4638,0.0662,0.9800
4639,0.0653,0.9700
4640,0.0576,0.9800
4641,0.0526,0.9900
4642,0.0555,0.9900
4643,0.0605,0.9800
4644,0.0648,0.9700
4645,0.0539,0.9900
4646,0.0626,0.9700
4647,0.0645,0.9700
4648,0.0595,0.9800
4649,0.0588,0.9700
4650,0.0564,0.9900
4651,0.0535,0.9900
4652,0.0538,0.9900
4653,0.0595,0.9800
4654,0.0581,0.9900
4655,0.0556,0.9900
4656,0.0567,0.9900
4657,0.0565,0.9900
4658,0.0535,0.9900
4659,0.0529,0.9900
4660,0.0525,0.9900
4661,0.0538,0.9800
4662,0.0540,0.9800
4663,0.0541,0.9800
4664,0.0528,0.9800
4665,0.0535,0.9800
4666,0.0531,0.9800
4667,0.0539,0.9800
4668,0.0529,0.9900
4669,0.0524,0.9900
4670,0.0533,0.9900
4671,0.0604,0.9700
4672,0.0667,0.9700
4673,0.0580,0.9900
4674,0.0570,0.9900
4675,0.0554,0.9900
4676,0.0554,0.9800
4677,0.0535,0.9900
4678,0.0534,0.9900
4679,0.0550,0.9900
4680,0.0553,0.9900
4681,0.0533,0.9900
4682,0.0561,0.9800
4683,0.0553,0.9900
4684,0.0551,0.9900
4685,0.0540,0.9900
4686,0.0544,0.9900
4687,0.0529,0.9900
4688,0.0530,0.9900
4689,0.0532,0.9900
4690,0.0574,0.9800
4691,0.0659,0.9700
4692,0.0539,0.9900
4693,0.0536,0.9900
4694,0.0549,0.9800
4695,0.0541,0.9900
4696,0.0538,0.9900
4697,0.0535,0.9900
4698,0.0528,0.9900
4699,0.0533,0.9900
4700,0.0527,0.9900
4701,0.0528,0.9900
4702,0.0520,0.9800
4703,0.0557,0.9900
4704,0.0576,0.9900
4705,0.0578,0.9900
4706,0.0567,0.9900
4707,0.0605,0.9900
4708,0.0551,0.9900
4709,0.0550,0.9900
4710,0.0545,0.9800
4711,0.0577,0.9700
4712,0.0556,0.9700
4713,0.0535,0.9900
4714,0.0526,0.9800
4715,0.0544,0.9900
4716,0.0539,0.9900
4717,0.0539,0.9900
4718,0.0533,0.9900
4719,0.0525,0.9900
4720,0.0522,0.9900
4721,0.0527,0.9900
4722,0.0562,0.9800
4723,0.0624,0.9700
4724,0.0564,0.9900
4725,0.0551,0.9900
4726,0.0543,0.9900
4727,0.0521,0.9900
4728,0.0527,0.9800
4729,0.0544,0.9700
4730,0.0576,0.9700
4731,0.0546,0.9800
4732,0.0529,0.9800
4733,0.0526,0.9900
4734,0.0532,0.9900
4735,0.0560,0.9900
4736,0.0560,0.9800
4737,0.0640,0.9800
4738,0.0594,0.9800
4739,0.0520,0.9900
4740,0.0625,0.9700
4741,0.0743,0.9600
4742,0.0591,0.9900
4743,0.0643,0.9800
4744,0.0638,0.9700
4745,0.0765,0.9700
4746,0.0765,0.9600
4747,0.0562,0.9900
4748,0.0535,0.9800
4749,0.0551,0.9800
4750,0.0531,0.9800
4751,0.0521,0.9800
4752,0.0520,0.9800
4753,0.0536,0.9900
4754,0.0526,0.9900
4755,0.0592,0.9800
4756,0.0568,0.9800
4757,0.0524,0.9800
4758,0.0526,0.9800
4759,0.0519,0.9800
4760,0.0527,0.9800
4761,0.0524,0.9900
4762,0.0533,0.9900
4763,0.0522,0.9900
4764,0.0520,0.9900
4765,0.0546,0.9900
4766,0.0552,0.9900
4767,0.0565,0.9800
4768,0.0569,0.9800
4769,0.0538,0.9900
4770,0.0536,0.9800
4771,0.0582,0.9800
4772,0.0574,0.9700
4773,0.0529,0.9800
4774,0.0527,0.9800
4775,0.0533,0.9800
4776,0.0537,0.9900
4777,0.0519,0.9900
4778,0.0517,0.9800
4779,0.0513,0.9900
4780,0.0519,0.9900
4781,0.0525,0.9800
4782,0.0563,0.9900
4783,0.0527,0.9800
4784,0.0539,0.9900
4785,0.0529,0.9900
4786,0.0589,0.9700
4787,0.0612,0.9700
4788,0.0535,0.9900
4789,0.0558,0.9900
4790,0.0572,0.9800
4791,0.0537,0.9800
4792,0.0541,0.9800
4793,0.0550,0.9800
4794,0.0549,0.9800
4795,0.0618,0.9700
4796,0.0549,0.9800
4797,0.0526,0.9900
4798,0.0596,0.9900
4799,0.0536,0.9900
4800,0.0556,0.9900
4801,0.0584,0.9800
4802,0.0565,0.9900
4803,0.0521,0.9900
4804,0.0517,0.9800
4805,0.0519,0.9800
4806,0.0562,0.9800
4807,0.0583,0.9800
4808,0.0537,0.9700
4809,0.0537,0.9800
4810,0.0529,0.9800
4811,0.0526,0.9800
4812,0.0522,0.9800
4813,0.0532,0.9900
4814,0.0538,0.9800
4815,0.0514,0.9800
4816,0.0513,0.9800
4817,0.0517,0.9800
4818,0.0516,0.9800
4819,0.0520,0.9900
4820,0.0535,0.9900
4821,0.0529,0.9900
4822,0.0532,0.9900
4823,0.0524,0.9900
4824,0.0523,0.9900
4825,0.0519,0.9900
4826,0.0518,0.9900
4827,0.0529,0.9900
4828,0.0592,0.9800
4829,0.0593,0.9800
4830,0.0762,0.9600
4831,0.0632,0.9700
4832,0.0536,0.9900
4833,0.0629,0.9800
4834,0.0553,0.9900
4835,0.0567,0.9900
4836,0.0546,0.9800
4837,0.0524,0.9800
4838,0.0556,0.9900
4839,0.0557,0.9900
4840,0.0652,0.9700
4841,0.0672,0.9700
4842,0.0609,0.9700
4843,0.0555,0.9900
4844,0.0538,0.9900
4845,0.0565,0.9800
4846,0.0540,0.9800
4847,0.0521,0.9800
4848,0.0518,0.9800
4849,0.0520,0.9800
4850,0.0520,0.9900
4851,0.0513,0.9900
4852,0.0522,0.9900
4853,0.0545,0.9900
4854,0.0549,0.9900
4855,0.0528,0.9800
4856,0.0613,0.9700
4857,0.0572,0.9900
4858,0.0552,0.9900
4859,0.0541,0.9900
4860,0.0534,0.9900
4861,0.0529,0.9900
4862,0.0524,0.9900
4863,0.0518,0.9800
4864,0.0513,0.9800
4865,0.0503,0.9800
4866,0.0522,0.9900
4867,0.0562,0.9800
4868,0.0550,0.9800
4869,0.0571,0.9900
4870,0.0563,0.9900
4871,0.0642,0.9900
4872,0.0601,0.9900
4873,0.0543,0.9900
4874,0.0646,0.9600
4875,0.0640,0.9700
4876,0.0735,0.9400
4877,0.0679,0.9800
4878,0.0737,0.9700
4879,0.0623,0.9800
4880,0.0546,0.9900
4881,0.0537,0.9900
4882,0.0544,0.9900
4883,0.0547,0.9800
4884,0.0539,0.9900
4885,0.0557,0.9900
4886,0.0544,0.9900
4887,0.0527,0.9900
4888,0.0519,0.9900
4889,0.0517,0.9900
4890,0.0517,0.9900
4891,0.0520,0.9900
4892,0.0592,0.9700
4893,0.0717,0.9600
4894,0.0587,0.9700
4895,0.0552,0.9900
4896,0.0572,0.9800
4897,0.0563,0.9900
4898,0.0543,0.9900
4899,0.0571,0.9800
4900,0.0644,0.9700
4901,0.0610,0.9700
4902,0.0541,0.9900
4903,0.0557,0.9800
4904,0.0542,0.9800
4905,0.0546,0.9800
4906,0.0607,0.9800
4907,0.0548,0.9800
4908,0.0510,0.9900
4909,0.0512,0.9800
4910,0.0521,0.9800
4911,0.0517,0.9900
4912,0.0526,0.9900
4913,0.0518,0.9900
4914,0.0522,0.9900
4915,0.0519,0.9900
4916,0.0626,0.9600
4917,0.0632,0.9600
4918,0.0561,0.9800
4919,0.0545,0.9900
4920,0.0557,0.9800
4921,0.0542,0.9800
4922,0.0538,0.9900
4923,0.0656,0.9700
4924,0.0745,0.9700
4925,0.0604,0.9700
4926,0.0554,0.9900
4927,0.0565,0.9900
4928,0.0547,0.9900
4929,0.0512,0.9900
4930,0.0518,0.9900
4931,0.0519,0.9900
4932,0.0508,0.9900
4933,0.0512,0.9900
4934,0.0539,0.9700
4935,0.0536,0.9800
4936,0.0537,0.9900
4937,0.0601,0.9800
4938,0.0523,0.9800
4939,0.0498,0.9900
4940,0.0517,0.9900
4941,0.0540,0.9900
4942,0.0610,0.9700
4943,0.0562,0.9700
4944,0.0533,0.9800
4945,0.0530,0.9900
4946,0.0519,0.9800
4947,0.0533,0.9900
4948,0.0552,0.9900
4949,0.0533,0.9900
4950,0.0514,0.9900
4951,0.0551,0.9800
4952,0.0547,0.9800
4953,0.0532,0.9800
4954,0.0563,0.9700
4955,0.0553,0.9700
4956,0.0513,0.9800
4957,0.0512,0.9800
4958,0.0508,0.9900
4959,0.0510,0.9900
4960,0.0511,0.9900
4961,0.0529,0.9900
4962,0.0529,0.9900
4963,0.0512,0.9900
4964,0.0512,0.9900
4965,0.0513,0.9900
4966,0.0519,0.9900
4967,0.0673,0.9600
4968,0.0636,0.9600
4969,0.0534,0.9900
4970,0.0518,0.9900
4971,0.0538,0.9900
4972,0.0533,0.9900
4973,0.0515,0.9900
4974,0.0561,0.9800
4975,0.0593,0.9800
4976,0.0686,0.9600
4977,0.0531,0.9800
4978,0.0516,0.9900
4979,0.0547,0.9900
4980,0.0525,0.9900
4981,0.0630,0.9700
4982,0.0642,0.9700
4983,0.0522,0.9900
4984,0.0597,0.9800
4985,0.0625,0.9800
4986,0.0540,0.9900
4987,0.0568,0.9800
4988,0.0604,0.9800
4989,0.0532,0.9900
4990,0.0530,0.9900
4991,0.0529,0.9900
4992,0.0565,0.9700
4993,0.0635,0.9700
4994,0.0569,0.9800
4995,0.0551,0.9900
4996,0.0596,0.9800
4997,0.0607,0.9800
4998,0.0578,0.9800
4999,0.0534,0.9900
5000,0.0502,0.9900
